player_id,team_id,name,year,age,team,pos,no.,games_g,games_gs,punting_pnt,punting_yds,punting_y/p,punting_retyds,punting_net,punting_ny/p,punting_lng,punting_tb,punting_tb%,punting_in20,punting_in20%,punting_blck,av,playoff_stat,punting_netyds,punting_pnt20,awards
ZastDa20,rav,Dave Zastudil,2002.0,24,BAL,P,15.0,16.0,0.0,81,3368,41.6,471.0,2797.0,33.7,61,5.0,6.2%,31.0,38.3%,2,2.0,False,,,
ZastDa20,rav,Dave Zastudil,2003.0,25,BAL,P,15.0,16.0,0.0,89,3649,41.0,354.0,3135.0,35.2,67,8.0,9.0%,21.0,23.6%,0,2.0,False,,,
ZastDa20,rav,Dave Zastudil,2004.0,26,BAL,P,15.0,13.0,0.0,73,2948,40.4,181.0,2527.0,34.6,61,12.0,16.4%,26.0,35.6%,0,1.0,False,,,
ZastDa20,rav,Dave Zastudil,2005.0,27,BAL,P,15.0,16.0,0.0,84,3653,43.5,481.0,3032.0,35.7,60,7.0,8.3%,11.0,13.1%,1,2.0,False,,,
TownJo01,rav,Johnny Townsend,2020.0,25,BAL,P,6.0,1.0,0.0,2,100,50.0,26.0,74.0,37.0,55,0.0,0.0%,0.0,0.0%,0,0.0,False,,,
KochSa20,rav,Sam Koch,2006.0,24,BAL,P,4.0,16.0,0.0,86,3695,43.0,404.0,3231.0,37.6,61,3.0,3.5%,30.0,34.9%,0,2.0,False,,,
KochSa20,rav,Sam Koch,2007.0,25,BAL,P,4.0,16.0,0.0,78,3397,43.6,375.0,2842.0,36.0,64,9.0,11.5%,20.0,25.6%,1,2.0,False,,,
KochSa20,rav,Sam Koch,2008.0,26,BAL,P,4.0,16.0,0.0,84,3777,45.0,245.0,3352.0,39.9,74,9.0,10.7%,34.0,40.5%,0,3.0,False,,,
KochSa20,rav,Sam Koch,2009.0,27,BAL,P,4.0,16.0,0.0,73,3188,43.7,287.0,2801.0,37.9,60,5.0,6.8%,26.0,35.6%,1,2.0,False,,,
KochSa20,rav,Sam Koch,2010.0,28,BAL,P,4.0,16.0,0.0,81,3530,43.6,275.0,3175.0,39.2,60,4.0,4.9%,39.0,48.1%,0,2.0,False,,,
KochSa20,rav,Sam Koch,2011.0,29,BAL,P,4.0,16.0,0.0,73,3393,46.5,392.0,2821.0,38.6,63,9.0,12.3%,21.0,28.8%,0,3.0,False,,,
KochSa20,rav,Sam Koch,2012.0,30,BAL,P,4.0,16.0,0.0,83,3911,47.1,383.0,3388.0,40.8,60,7.0,8.4%,28.0,33.7%,0,3.0,False,,,
KochSa20,rav,Sam Koch,2013.0,31,BAL,P,4.0,16.0,0.0,90,4138,46.0,419.0,3539.0,38.9,69,9.0,10.0%,27.0,30.0%,1,2.0,False,,,
KochSa20,rav,Sam Koch,2014.0,32,BAL,P,4.0,16.0,0.0,60,2841,47.4,166.0,2595.0,42.5,73,4.0,6.7%,26.0,43.3%,1,3.0,False,,,
KochSa20,rav,Sam Koch,2015.0,33,BAL,P,4.0,16.0,0.0,74,3454,46.7,176.0,3178.0,42.9,67,5.0,6.8%,29.0,39.2%,0,3.0,False,,,"AP2, PB"
KochSa20,rav,Sam Koch,2016.0,34,BAL,P,4.0,16.0,0.0,80,3665,45.8,375.0,3190.0,39.9,68,5.0,6.3%,37.0,46.3%,0,2.0,False,,,
KochSa20,rav,Sam Koch,2017.0,35,BAL,P,4.0,16.0,0.0,84,3765,44.8,277.0,3428.0,40.3,67,3.0,3.6%,40.0,47.6%,1,2.0,False,,,
KochSa20,rav,Sam Koch,2018.0,36,BAL,P,4.0,16.0,0.0,60,2842,47.4,315.0,2427.0,39.8,65,5.0,8.3%,27.0,45.0%,1,3.0,False,,,
KochSa20,rav,Sam Koch,2019.0,37,BAL,P,4.0,16.0,0.0,40,1855,46.4,143.0,1632.0,39.8,62,4.0,10.0%,21.0,52.5%,1,2.0,False,,,
KochSa20,rav,Sam Koch,2020.0,38,BAL,P,4.0,15.0,0.0,51,2268,44.5,82.0,2166.0,42.5,59,1.0,2.0%,22.0,43.1%,0,2.0,False,,,
KochSa20,rav,Sam Koch,2021.0,39,BAL,P,4.0,17.0,0.0,71,3149,44.4,228.0,2841.0,40.0,61,4.0,5.6%,26.0,36.6%,0,2.0,False,,,
ZastDa20,rav,Dave Zastudil,2003.0,25,BAL,P,,1.0,0.0,8,390,48.8,70.0,320.0,40.0,56,0.0,0.0%,0.0,0.0%,0,,True,,,
KochSa20,rav,Sam Koch,2006.0,24,BAL,P,,1.0,0.0,5,190,38.0,33.0,137.0,27.4,47,1.0,20.0%,1.0,20.0%,0,,True,,,
KochSa20,rav,Sam Koch,2008.0,26,BAL,P,,3.0,0.0,20,845,42.3,44.0,761.0,38.1,52,2.0,10.0%,7.0,35.0%,0,,True,,,
KochSa20,rav,Sam Koch,2009.0,27,BAL,P,,2.0,0.0,9,374,41.6,57.0,317.0,35.2,59,0.0,0.0%,3.0,33.3%,0,,True,,,
KochSa20,rav,Sam Koch,2010.0,28,BAL,P,,2.0,0.0,6,277,46.2,22.0,235.0,39.2,61,1.0,16.7%,4.0,66.7%,0,,True,,,
KochSa20,rav,Sam Koch,2011.0,29,BAL,P,,2.0,0.0,13,619,47.6,11.0,568.0,43.7,64,2.0,15.4%,2.0,15.4%,0,,True,,,
KochSa20,rav,Sam Koch,2012.0,30,BAL,P,,4.0,0.0,22,1013,46.0,178.0,755.0,34.3,60,2.0,9.1%,8.0,36.4%,0,,True,,,
KochSa20,rav,Sam Koch,2014.0,32,BAL,P,,2.0,,5,250,50.0,45.0,205.0,41.0,53,1.0,20.0%,0.0,0.0%,0,,True,,,
KochSa20,rav,Sam Koch,2018.0,36,BAL,P,,1.0,0.0,6,268,44.7,46.0,222.0,37.0,59,0.0,0.0%,1.0,16.7%,0,,True,,,
KochSa20,rav,Sam Koch,2019.0,37,BAL,P,,1.0,0.0,1,44,44.0,0.0,44.0,44.0,44,0.0,0.0%,0.0,0.0%,0,,True,,,
KochSa20,rav,Sam Koch,2020.0,38,BAL,P,,2.0,0.0,6,264,44.0,16.0,248.0,41.3,55,0.0,0.0%,1.0,16.7%,0,,True,,,
ZastDa20,cle,Dave Zastudil,2006.0,28,CLE,P,15.0,16.0,0.0,81,3563,44.0,312.0,3111.0,38.4,61,7.0,8.6%,28.0,34.6%,0,2.0,False,,,
ZastDa20,cle,Dave Zastudil,2007.0,29,CLE,P,15.0,12.0,0.0,49,2046,41.8,272.0,1694.0,34.6,64,4.0,8.2%,14.0,28.6%,0,1.0,False,,,
ZastDa20,cle,Dave Zastudil,2008.0,30,CLE,P,15.0,16.0,0.0,75,3410,45.5,235.0,2955.0,39.4,65,11.0,14.7%,23.0,30.7%,0,3.0,False,,,
ZastDa20,cle,Dave Zastudil,2009.0,31,CLE,P,15.0,8.0,0.0,49,2188,44.7,170.0,1918.0,39.1,60,5.0,10.2%,25.0,51.0%,0,1.0,False,,,
GonzZa00,cle,Zane Gonzalez,2017.0,22,CLE,K,5.0,16.0,0.0,1,16,16.0,0.0,16.0,16.0,16,0.0,0.0%,0.0,0.0%,0,,False,,,
LeexAn20,cle,Andy Lee,2015.0,33,CLE,P,8.0,16.0,0.0,70,3270,46.7,381.0,2809.0,40.1,67,4.0,5.7%,25.0,35.7%,0,3.0,False,,,
LannSp00,cle,Spencer Lanning,2013.0,25,CLE,P,5.0,16.0,0.0,84,3679,43.8,357.0,3222.0,37.9,59,5.0,6.0%,28.0,33.3%,1,1.0,False,,,
LannSp00,cle,Spencer Lanning,2014.0,26,CLE,P,5.0,16.0,0.0,93,4119,44.3,295.0,3644.0,39.2,59,9.0,9.7%,25.0,26.9%,0,2.0,False,,,
cundibil01,cle,Billy Cundiff,2013.0,33,CLE,K,8.0,16.0,0.0,1,34,34.0,0.0,14.0,14.0,34,1.0,100.0%,0.0,0.0%,0,,False,,,
dawsophi01,cle,Phil Dawson,2002.0,27,CLE,K,4.0,16.0,0.0,2,36,18.0,0.0,36.0,18.0,20,0.0,0.0%,2.0,100.0%,0,,False,,,
dawsophi01,cle,Phil Dawson,2003.0,28,CLE,K,4.0,13.0,0.0,1,29,29.0,0.0,29.0,29.0,29,0.0,0.0%,1.0,100.0%,0,,False,,,
dawsophi01,cle,Phil Dawson,2005.0,30,CLE,K,4.0,16.0,0.0,2,53,26.5,0.0,53.0,26.5,31,0.0,0.0%,2.0,100.0%,0,,False,,,
dawsophi01,cle,Phil Dawson,2006.0,31,CLE,K,4.0,16.0,0.0,2,58,29.0,0.0,38.0,19.0,31,1.0,50.0%,1.0,50.0%,0,,False,,,
dawsophi01,cle,Phil Dawson,2008.0,33,CLE,K,4.0,16.0,0.0,1,33,33.0,0.0,33.0,33.0,33,0.0,0.0%,1.0,100.0%,0,,False,,,
ColqBr00,cle,Britton Colquitt,2016.0,31,CLE,P,4.0,16.0,0.0,83,3761,45.3,376.0,3345.0,40.3,65,2.0,2.4%,22.0,26.5%,0,2.0,False,,,
ColqBr00,cle,Britton Colquitt,2017.0,32,CLE,P,4.0,16.0,0.0,80,3811,47.6,482.0,3289.0,40.6,67,2.0,2.5%,24.0,30.0%,1,3.0,False,,,
ColqBr00,cle,Britton Colquitt,2018.0,33,CLE,P,4.0,16.0,0.0,83,3767,45.4,397.0,3250.0,38.2,79,6.0,7.2%,32.0,38.6%,2,2.0,False,,,
BojoCo00,cle,Corey Bojorquez,2022.0,26,CLE,P,13.0,17.0,0.0,61,2959,48.5,348.0,,40.5,76,7.0,11.5%,,37.7%,0,3.0,False,2471.0,23.0,
BojoCo00,cle,Corey Bojorquez,2023.0,27,CLE,P,13.0,16.0,0.0,87,4294,49.4,443.0,,42.2,73,9.0,10.3%,,35.6%,0,3.0,False,3671.0,31.0,
BojoCo00,cle,Corey Bojorquez,2024.0,28,CLE,P,13.0,2.0,0.0,12,575,47.9,139.0,,34.7,64,1.0,8.3%,,33.3%,0,,False,416.0,4.0,
HaacMa00,cle,Matt Haack,2023.0,29,CLE,P,39.0,1.0,0.0,3,155,51.7,30.0,125.0,41.7,56,0.0,0.0%,0.0,0.0%,0,0.0,False,,,
GillJa00,cle,Jamie Gillan,2019.0,22,CLE,P,7.0,16.0,0.0,63,2913,46.2,151.0,,41.6,71,5.0,7.9%,,44.4%,1,2.0,False,2662.0,28.0,
GillJa00,cle,Jamie Gillan,2020.0,23,CLE,P,7.0,16.0,0.0,51,2244,44.0,229.0,,38.3,59,3.0,5.9%,,27.5%,0,1.0,False,1955.0,14.0,
GillJa00,cle,Jamie Gillan,2021.0,24,CLE,P,7.0,12.0,0.0,42,1842,43.9,162.0,,39.5,65,1.0,2.4%,,35.7%,0,1.0,False,1660.0,15.0,
BojoCo00,cle,Corey Bojorquez,2023.0,27,CLE,P,,1.0,0.0,4,176,44.0,8.0,,42.0,52,0.0,0.0%,,25.0%,0,,True,168.0,1.0,
GillJa00,cle,Jamie Gillan,2020.0,23,CLE,P,,2.0,0.0,7,293,41.9,24.0,,38.4,48,0.0,0.0%,,42.9%,0,,True,269.0,3.0,
ZastDa20,crd,Dave Zastudil,2011.0,33,ARI,P,9.0,15.0,0.0,87,3929,45.2,565.0,3264.0,37.5,66,5.0,5.7%,24.0,27.6%,0,2.0,False,,,
ZastDa20,crd,Dave Zastudil,2012.0,34,ARI,P,9.0,16.0,0.0,112,5209,46.5,415.0,4634.0,41.4,70,8.0,7.1%,46.0,41.1%,0,3.0,False,,,
ZastDa20,crd,Dave Zastudil,2013.0,35,ARI,P,9.0,16.0,0.0,78,3566,45.7,321.0,3125.0,40.1,60,6.0,7.7%,35.0,44.9%,0,3.0,False,,,
ZastDa20,crd,Dave Zastudil,2014.0,36,ARI,P,9.0,2.0,0.0,11,487,44.3,38.0,429.0,39.0,53,1.0,9.1%,1.0,9.1%,0,0.0,False,,,
ButlDr00,crd,Drew Butler,2014.0,25,ARI,P,2.0,15.0,0.0,79,3328,42.1,246.0,2982.0,36.8,67,5.0,6.3%,34.0,43.0%,2,0.0,False,,,
ButlDr00,crd,Drew Butler,2015.0,26,ARI,P,2.0,16.0,0.0,60,2575,42.9,295.0,2160.0,35.4,58,6.0,10.0%,22.0,36.7%,1,1.0,False,,,
ButlDr00,crd,Drew Butler,2016.0,27,ARI,P,2.0,7.0,0.0,32,1350,42.2,210.0,1140.0,35.6,62,0.0,0.0%,10.0,31.3%,0,0.0,False,,,
WinsRy00,crd,Ryan Winslow,2019.0,25,ARI,P,9.0,2.0,0.0,6,291,48.5,6.0,265.0,44.2,55,1.0,16.7%,2.0,33.3%,0,0.0,False,,,
QuigRy00,crd,Ryan Quigley,2016.0,26,ARI,P,9.0,6.0,0.0,34,1416,41.6,75.0,1301.0,37.2,55,2.0,5.9%,13.0,38.2%,1,0.0,False,,,
GonzZa00,crd,Zane Gonzalez,2019.0,24,ARI,K,5.0,16.0,0.0,2,84,42.0,0.0,84.0,42.0,44,0.0,0.0%,0.0,0.0%,0,,False,,,
GillBl00,crd,Blake Gillikin,2023.0,25,ARI,P,12.0,13.0,0.0,51,2580,50.6,354.0,,42.9,77,2.0,3.9%,,21.6%,0,2.0,False,2186.0,11.0,
GillBl00,crd,Blake Gillikin,2024.0,26,ARI,P,12.0,2.0,0.0,3,138,46.0,19.0,,39.7,60,0.0,0.0%,,0.0%,0,,False,119.0,0.0,
LeexAn20,crd,Andy Lee,2017.0,35,ARI,P,2.0,16.0,0.0,88,4159,47.3,506.0,3493.0,39.7,63,8.0,9.1%,29.0,33.0%,0,3.0,False,,,
LeexAn20,crd,Andy Lee,2018.0,36,ARI,P,2.0,16.0,0.0,94,4568,48.6,420.0,4008.0,42.6,64,7.0,7.4%,32.0,34.0%,0,4.0,False,,,
LeexAn20,crd,Andy Lee,2019.0,37,ARI,P,4.0,15.0,0.0,61,2913,47.8,278.0,2555.0,41.2,64,4.0,6.6%,21.0,34.4%,1,3.0,False,,,
LeexAn20,crd,Andy Lee,2020.0,38,ARI,P,4.0,16.0,0.0,58,2600,44.8,201.0,2299.0,39.6,61,5.0,8.6%,21.0,36.2%,0,2.0,False,,,
LeexAn20,crd,Andy Lee,2021.0,39,ARI,P,14.0,16.0,0.0,51,2501,49.0,265.0,2136.0,41.9,62,5.0,9.8%,12.0,23.5%,0,3.0,False,,,
LeexAn20,crd,Andy Lee,2022.0,40,ARI,P,14.0,17.0,0.0,67,3157,47.1,345.0,2732.0,40.2,65,4.0,6.0%,18.0,26.9%,1,2.0,False,,,
CataCh00,crd,Chandler Catanzaro,2016.0,25,ARI,K,7.0,16.0,0.0,2,66,33.0,0.0,66.0,33.0,47,0.0,0.0%,0.0,0.0%,0,,False,,,
CoonNo00,crd,Nolan Cooney,2023.0,27,ARI,P,16.0,4.0,0.0,13,592,45.5,48.0,524.0,40.3,56,1.0,7.7%,2.0,15.4%,0,0.0,False,,,
ButlDr00,crd,Drew Butler,2014.0,25,ARI,P,,1.0,,9,313,34.8,0.0,313.0,34.8,52,0.0,0.0%,1.0,11.1%,0,,True,,,
ButlDr00,crd,Drew Butler,2015.0,26,ARI,P,,2.0,0.0,7,342,48.9,38.0,304.0,43.4,55,0.0,0.0%,3.0,42.9%,0,,True,,,
LeexAn20,crd,Andy Lee,2021.0,39,ARI,P,,1.0,0.0,5,241,48.2,19.0,222.0,44.4,54,0.0,0.0%,0.0,0.0%,0,,True,,,
WadmCo00,den,Colby Wadman,2018.0,23,DEN,P,3.0,12.0,0.0,65,2905,44.7,301.0,2464.0,37.9,65,7.0,10.8%,22.0,33.8%,0,2.0,False,,,
WadmCo00,den,Colby Wadman,2019.0,24,DEN,P,6.0,16.0,0.0,78,3464,44.4,314.0,3070.0,39.4,64,4.0,5.1%,29.0,37.2%,0,2.0,False,,,
WaitCo00,den,Corliss Waitman,2022.0,27,DEN,P,17.0,17.0,0.0,96,4470,46.6,376.0,,41.4,59,6.0,6.3%,,31.3%,0,3.0,False,3974.0,30.0,
McMaBr01,den,Brandon McManus,2015.0,24,DEN,K,8.0,16.0,0.0,1,41,41.0,0.0,21.0,21.0,41,1.0,100.0%,0.0,0.0%,0,,False,,,
McMaBr01,den,Brandon McManus,2017.0,26,DEN,K,8.0,16.0,0.0,1,26,26.0,0.0,26.0,26.0,26,0.0,0.0%,1.0,100.0%,0,,False,,,
KernBr20,den,Brett Kern,2008.0,22,DEN,P,1.0,16.0,0.0,46,2150,46.7,330.0,1740.0,37.8,64,4.0,8.7%,13.0,28.3%,0,3.0,False,,,
ColqBr00,den,Britton Colquitt,2010.0,25,DEN,P,4.0,16.0,0.0,86,3835,44.6,550.0,3145.0,36.6,63,7.0,8.1%,19.0,22.1%,0,3.0,False,,,
ColqBr00,den,Britton Colquitt,2011.0,26,DEN,P,4.0,16.0,0.0,101,4783,47.4,585.0,4058.0,40.2,66,7.0,6.9%,33.0,32.7%,0,3.0,False,,,
ColqBr00,den,Britton Colquitt,2012.0,27,DEN,P,4.0,16.0,0.0,67,3099,46.3,203.0,2822.0,42.1,67,4.0,6.0%,27.0,40.3%,0,2.0,False,,,
ColqBr00,den,Britton Colquitt,2013.0,28,DEN,P,4.0,16.0,0.0,65,2893,44.5,274.0,2559.0,38.8,60,3.0,4.6%,23.0,35.4%,1,2.0,False,,,
ColqBr00,den,Britton Colquitt,2014.0,29,DEN,P,4.0,16.0,0.0,69,3048,44.2,371.0,2597.0,37.6,65,4.0,5.8%,25.0,36.2%,0,2.0,False,,,
ColqBr00,den,Britton Colquitt,2015.0,30,DEN,P,4.0,16.0,0.0,84,3663,43.6,247.0,3336.0,39.7,62,4.0,4.8%,22.0,26.2%,0,2.0,False,,,
DixoRi00,den,Riley Dixon,2016.0,23,DEN,P,9.0,16.0,0.0,89,4068,45.7,271.0,,41.3,68,6.0,6.7%,,31.5%,0,2.0,False,3677.0,28.0,
DixoRi00,den,Riley Dixon,2017.0,24,DEN,P,9.0,16.0,0.0,73,3331,45.6,258.0,,40.2,60,3.0,4.1%,,31.5%,2,2.0,False,3013.0,23.0,
DixoRi00,den,Riley Dixon,2023.0,30,DEN,P,9.0,17.0,0.0,79,3659,46.3,263.0,,41.5,68,6.0,7.6%,,34.2%,0,2.0,False,3276.0,27.0,
DixoRi00,den,Riley Dixon,2024.0,31,DEN,P,9.0,2.0,0.0,14,704,50.3,37.0,,46.2,65,1.0,7.1%,,50.0%,0,,False,647.0,7.0,
ColqBr00,den,Britton Colquitt,2011.0,26,DEN,P,,2.0,0.0,11,436,39.6,28.0,408.0,37.1,50,0.0,0.0%,2.0,18.2%,0,,True,,,
ColqBr00,den,Britton Colquitt,2012.0,27,DEN,P,,1.0,0.0,5,244,48.8,22.0,222.0,44.4,59,0.0,0.0%,3.0,60.0%,0,,True,,,
ColqBr00,den,Britton Colquitt,2013.0,28,DEN,P,,3.0,0.0,3,108,36.0,0.0,88.0,29.3,48,1.0,33.3%,1.0,33.3%,0,,True,,,
ColqBr00,den,Britton Colquitt,2014.0,29,DEN,P,,1.0,,6,244,40.7,7.0,237.0,39.5,48,0.0,0.0%,1.0,16.7%,0,,True,,,
ColqBr00,den,Britton Colquitt,2015.0,30,DEN,P,,3.0,0.0,23,1072,46.6,70.0,982.0,42.7,57,0.0,0.0%,9.0,39.1%,0,,True,,,
NiswJa00,dal,Hunter Niswander,2020.0,26,DAL,P,1.0,8.0,0.0,26,1228,47.2,95.0,1093.0,42.0,58,2.0,7.7%,10.0,38.5%,0,1.0,False,,,
cundibil01,dal,Billy Cundiff,2003.0,23,DAL,K,3.0,15.0,0.0,1,32,32.0,0.0,12.0,12.0,32,1.0,100.0%,0.0,0.0%,0,,False,,,
cundibil01,dal,Billy Cundiff,2004.0,24,DAL,K,3.0,16.0,0.0,1,34,34.0,0.0,34.0,34.0,34,0.0,0.0%,1.0,100.0%,0,,False,,,
cundibil01,dal,Billy Cundiff,2005.0,25,DAL,K,3.0,6.0,0.0,1,35,35.0,0.0,15.0,15.0,35,1.0,100.0%,0.0,0.0%,0,,False,,,
AngeBr00,dal,Bryan Anger,2021.0,33,DAL,P,5.0,17.0,0.0,65,3143,48.4,163.0,,44.6,63,4.0,6.2%,,36.9%,0,3.0,False,2900.0,24.0,"AP2, PB"
AngeBr00,dal,Bryan Anger,2022.0,34,DAL,P,5.0,17.0,0.0,68,3291,48.4,280.0,,42.5,83,6.0,8.8%,,39.7%,0,3.0,False,2891.0,27.0,
AngeBr00,dal,Bryan Anger,2023.0,35,DAL,P,5.0,17.0,0.0,44,2262,51.4,247.0,,45.3,63,2.0,4.5%,,38.6%,0,2.0,False,1995.0,17.0,"AP2, PB"
AngeBr00,dal,Bryan Anger,2024.0,36,DAL,P,5.0,2.0,0.0,7,347,49.6,83.0,,37.7,59,0.0,0.0%,,14.3%,0,,False,264.0,1.0,
BailDa00,dal,Dan Bailey,2011.0,23,DAL,K,5.0,16.0,0.0,2,79,39.5,5.0,74.0,37.0,41,0.0,0.0%,0.0,0.0%,0,,False,,,
AngeBr00,dal,Bryan Anger,2021.0,33,DAL,P,,1.0,0.0,5,268,53.6,11.0,,51.4,59,0.0,0.0%,,0.0%,0,,True,257.0,0.0,
AngeBr00,dal,Bryan Anger,2022.0,34,DAL,P,,2.0,0.0,8,376,47.0,51.0,,40.6,56,0.0,0.0%,,50.0%,0,,True,325.0,4.0,
AngeBr00,dal,Bryan Anger,2023.0,35,DAL,P,,1.0,0.0,2,80,40.0,0.0,,40.0,40,0.0,0.0%,,100.0%,0,,True,80.0,2.0,
NortBr00,car,Brad Nortman,2012.0,23,CAR,P,8.0,16.0,0.0,76,3267,43.0,318.0,2809.0,36.5,63,7.0,9.2%,20.0,26.3%,1,1.0,False,,,
NortBr00,car,Brad Nortman,2013.0,24,CAR,P,8.0,16.0,0.0,70,3344,47.8,335.0,2909.0,41.6,72,5.0,7.1%,25.0,35.7%,0,3.0,False,,,
NortBr00,car,Brad Nortman,2014.0,25,CAR,P,8.0,16.0,0.0,72,3236,44.9,435.0,2701.0,36.5,72,5.0,6.9%,26.0,36.1%,2,2.0,False,,,
NortBr00,car,Brad Nortman,2015.0,26,CAR,P,8.0,16.0,0.0,70,3175,45.4,288.0,2787.0,39.8,65,5.0,7.1%,20.0,28.6%,0,2.0,False,,,
PalaMi00,car,Michael Palardy,2016.0,24,CAR,P,5.0,7.0,0.0,36,1531,42.5,126.0,1365.0,37.9,56,2.0,5.6%,13.0,36.1%,0,1.0,False,,,
PalaMi00,car,Michael Palardy,2017.0,25,CAR,P,5.0,16.0,0.0,71,3269,46.0,176.0,3013.0,42.4,63,4.0,5.6%,25.0,35.2%,0,2.0,False,,,
PalaMi00,car,Michael Palardy,2018.0,26,CAR,P,5.0,16.0,0.0,61,2759,45.2,181.0,2498.0,41.0,59,4.0,6.6%,24.0,39.3%,0,2.0,False,,,
PalaMi00,car,Michael Palardy,2019.0,27,CAR,P,5.0,16.0,0.0,75,3452,46.0,487.0,2905.0,38.7,62,3.0,4.0%,25.0,33.3%,0,3.0,False,,,
GonzZa00,car,Zane Gonzalez,2021.0,26,CAR,K,5.0,12.0,0.0,1,40,40.0,0.0,20.0,20.0,40,1.0,100.0%,0.0,0.0%,0,,False,,,
LeexAn20,car,Andy Lee,2016.0,34,CAR,P,8.0,9.0,0.0,36,1769,49.1,236.0,1453.0,40.4,76,4.0,11.1%,18.0,50.0%,0,2.0,False,,,
CharJo01,car,Joseph Charlton,2020.0,23,CAR,P,3.0,16.0,0.0,45,2082,46.3,184.0,1838.0,40.8,67,3.0,6.7%,21.0,46.7%,0,2.0,False,,,
GanoGr44,car,Graham Gano,2016.0,29,CAR,K,9.0,16.0,0.0,4,180,45.0,21.0,119.0,29.8,54,2.0,50.0%,0.0,0.0%,0,,False,,,
EdwaLa01,car,Lac Edwards,2021.0,29,CAR,P,10.0,10.0,0.0,38,1821,47.9,200.0,1581.0,40.5,62,2.0,5.3%,8.0,21.1%,1,1.0,False,,,
HekkJo00,car,Johnny Hekker,2022.0,32,CAR,P,10.0,17.0,0.0,81,3925,48.5,246.0,,44.2,68,6.0,7.4%,,48.1%,0,4.0,False,3579.0,39.0,
HekkJo00,car,Johnny Hekker,2023.0,33,CAR,P,10.0,17.0,0.0,82,3838,46.8,262.0,,42.4,69,5.0,6.1%,,30.5%,0,2.0,False,3476.0,25.0,
HekkJo00,car,Johnny Hekker,2024.0,34,CAR,P,10.0,2.0,0.0,12,502,41.8,75.0,,35.7,64,0.0,0.0%,,16.7%,0,,False,428.0,2.0,
NortBr00,car,Brad Nortman,2013.0,24,CAR,P,,1.0,0.0,2,84,42.0,0.0,84.0,42.0,51,0.0,0.0%,1.0,50.0%,0,,True,,,
NortBr00,car,Brad Nortman,2014.0,25,CAR,P,,2.0,,8,306,38.3,9.0,277.0,34.6,49,0.0,0.0%,4.0,50.0%,0,,True,,,
NortBr00,car,Brad Nortman,2015.0,26,CAR,P,,3.0,0.0,15,622,41.5,71.0,531.0,35.4,61,0.0,0.0%,3.0,20.0%,0,,True,,,
PalaMi00,car,Michael Palardy,2017.0,25,CAR,P,,1.0,0.0,3,145,48.3,17.0,128.0,42.7,53,0.0,0.0%,1.0,33.3%,0,,True,,,
NortBr00,jax,Brad Nortman,2016.0,27,JAX,P,3.0,16.0,0.0,77,3589,46.6,389.0,3040.0,39.5,78,8.0,10.4%,27.0,35.1%,0,3.0,False,,,
NortBr00,jax,Brad Nortman,2017.0,28,JAX,P,3.0,16.0,0.0,87,3835,44.1,228.0,3427.0,38.9,65,9.0,10.3%,29.0,33.3%,1,1.0,False,,,
PodlAd20,jax,Adam Podlesh,2007.0,24,JAX,P,3.0,16.0,0.0,54,2249,41.6,218.0,1991.0,36.9,76,2.0,3.7%,14.0,25.9%,0,2.0,False,,,
PodlAd20,jax,Adam Podlesh,2008.0,25,JAX,P,3.0,11.0,0.0,46,1989,43.2,206.0,1683.0,36.6,60,5.0,10.9%,12.0,26.1%,0,1.0,False,,,
PodlAd20,jax,Adam Podlesh,2009.0,26,JAX,P,3.0,16.0,0.0,72,3017,41.9,159.0,2758.0,38.3,64,5.0,6.9%,23.0,31.9%,0,1.0,False,,,
PodlAd20,jax,Adam Podlesh,2010.0,27,JAX,P,3.0,16.0,0.0,57,2496,43.8,123.0,2233.0,39.2,63,7.0,12.3%,26.0,45.6%,0,2.0,False,,,
AngeBr00,jax,Bryan Anger,2012.0,24,JAX,P,19.0,16.0,0.0,91,4353,47.8,495.0,,40.8,73,5.0,5.5%,,34.1%,1,3.0,False,3758.0,31.0,
AngeBr00,jax,Bryan Anger,2013.0,25,JAX,P,19.0,16.0,0.0,95,4338,45.7,330.0,,40.5,61,8.0,8.4%,,32.6%,0,3.0,False,3848.0,31.0,
AngeBr00,jax,Bryan Anger,2014.0,26,JAX,P,19.0,16.0,0.0,94,4464,47.5,464.0,,39.6,69,10.0,10.6%,,26.6%,2,3.0,False,3800.0,25.0,
AngeBr00,jax,Bryan Anger,2015.0,27,JAX,P,19.0,16.0,0.0,80,3700,46.3,462.0,,39.5,63,4.0,5.0%,,32.5%,0,3.0,False,3158.0,26.0,
CookLo00,jax,Logan Cooke,2018.0,23,JAX,P,9.0,16.0,0.0,86,3872,45.0,184.0,,41.3,72,7.0,8.1%,,43.0%,0,2.0,False,3548.0,37.0,
CookLo00,jax,Logan Cooke,2019.0,24,JAX,P,9.0,16.0,0.0,75,3507,46.8,127.0,,44.5,66,2.0,2.7%,,33.3%,0,3.0,False,3340.0,25.0,
CookLo00,jax,Logan Cooke,2020.0,25,JAX,P,9.0,14.0,0.0,56,2669,47.7,148.0,,43.2,67,5.0,8.9%,,33.9%,0,3.0,False,2421.0,19.0,
CookLo00,jax,Logan Cooke,2021.0,26,JAX,P,9.0,15.0,0.0,64,3026,47.3,173.0,,44.3,68,1.0,1.6%,,43.8%,0,3.0,False,2833.0,28.0,
CookLo00,jax,Logan Cooke,2022.0,27,JAX,P,9.0,17.0,0.0,58,2862,49.3,203.0,,43.8,70,6.0,10.3%,,41.4%,0,3.0,False,2539.0,24.0,
CookLo00,jax,Logan Cooke,2023.0,28,JAX,P,9.0,17.0,0.0,61,2893,47.4,154.0,,43.6,65,4.0,6.6%,,47.5%,0,2.0,False,2659.0,29.0,
CookLo00,jax,Logan Cooke,2024.0,29,JAX,P,9.0,2.0,0.0,9,467,51.9,38.0,,47.7,67,0.0,0.0%,,44.4%,0,,False,429.0,4.0,
NortBr00,jax,Brad Nortman,2017.0,28,JAX,P,,3.0,0.0,19,785,41.3,46.0,739.0,38.9,62,0.0,0.0%,10.0,52.6%,0,,True,,,
PodlAd20,jax,Adam Podlesh,2007.0,24,JAX,P,,2.0,0.0,5,250,50.0,22.0,208.0,41.6,54,1.0,20.0%,1.0,20.0%,0,,True,,,
CookLo00,jax,Logan Cooke,2022.0,27,JAX,P,,2.0,0.0,7,315,45.0,23.0,,41.7,58,0.0,0.0%,,42.9%,0,,True,292.0,3.0,
novaknic01,sdg,Nick Novak,2014.0,33,SDG,K,9.0,16.0,0.0,6,240,40.0,20.0,220.0,36.7,51,0.0,0.0%,1.0,16.7%,0,,False,,,
novaknic01,htx,Nick Novak,2015.0,34,HOU,K,8.0,13.0,0.0,1,36,36.0,0.0,16.0,16.0,36,1.0,100.0%,0.0,0.0%,0,,False,,,
TownTo01,htx,Tommy Townsend,2024.0,28,HOU,P,6.0,2.0,0.0,7,323,46.1,1.0,,40.3,60,0.0,0.0%,,28.6%,1,,False,322.0,2.0,
LechSh20,htx,Shane Lechler,2013.0,37,HOU,P,9.0,16.0,0.0,88,4189,47.6,530.0,3519.0,40.0,65,7.0,8.0%,34.0,38.6%,0,3.0,False,,,
LechSh20,htx,Shane Lechler,2014.0,38,HOU,P,9.0,16.0,0.0,83,3845,46.3,398.0,3249.0,38.7,71,10.0,12.0%,27.0,32.5%,1,3.0,False,,,
LechSh20,htx,Shane Lechler,2015.0,39,HOU,P,9.0,16.0,0.0,95,4497,47.3,612.0,3685.0,38.8,64,10.0,10.5%,24.0,25.3%,0,3.0,False,,,
LechSh20,htx,Shane Lechler,2016.0,40,HOU,P,9.0,16.0,0.0,72,3423,47.5,477.0,2886.0,40.1,62,3.0,4.2%,30.0,41.7%,0,3.0,False,,,
LechSh20,htx,Shane Lechler,2017.0,41,HOU,P,9.0,16.0,0.0,92,4507,49.0,608.0,3799.0,41.3,68,5.0,5.4%,32.0,34.8%,0,4.0,False,,,
DaniTr00,htx,Trevor Daniel,2018.0,24,HOU,P,8.0,16.0,0.0,74,3237,43.7,240.0,2897.0,39.1,61,5.0,6.8%,36.0,48.6%,0,2.0,False,,,
DaniTr00,htx,Trevor Daniel,2019.0,25,HOU,P,8.0,2.0,0.0,11,479,43.5,29.0,450.0,40.9,54,0.0,0.0%,2.0,18.2%,0,0.0,False,,,
AngeBr00,htx,Bryan Anger,2019.0,31,HOU,P,9.0,14.0,0.0,45,2094,46.5,53.0,,44.5,71,2.0,4.4%,,53.3%,0,2.0,False,2001.0,24.0,
AngeBr00,htx,Bryan Anger,2020.0,32,HOU,P,9.0,16.0,0.0,54,2505,46.4,128.0,,41.8,67,6.0,11.1%,,35.2%,0,2.0,False,2257.0,19.0,
FairKa01,htx,Ka'imi Fairbairn,2019.0,25,HOU,K,7.0,16.0,0.0,1,26,26.0,0.0,26.0,26.0,26,0.0,0.0%,1.0,100.0%,0,,False,,,
FairKa01,htx,Ka'imi Fairbairn,2020.0,26,HOU,K,7.0,16.0,0.0,1,26,26.0,0.0,26.0,26.0,26,0.0,0.0%,1.0,100.0%,0,,False,,,
LechSh20,htx,Shane Lechler,2015.0,39,HOU,P,,1.0,0.0,5,228,45.6,34.0,194.0,38.8,53,0.0,0.0%,1.0,20.0%,0,,True,,,
LechSh20,htx,Shane Lechler,2016.0,40,HOU,P,,2.0,0.0,17,755,44.4,96.0,619.0,36.4,63,0.0,0.0%,7.0,41.2%,0,,True,,,
DaniTr00,htx,Trevor Daniel,2018.0,24,HOU,P,,1.0,0.0,5,234,46.8,20.0,214.0,42.8,60,0.0,0.0%,2.0,40.0%,0,,True,,,
AngeBr00,htx,Bryan Anger,2019.0,31,HOU,P,,2.0,0.0,8,353,44.1,9.0,,43.0,56,0.0,0.0%,,62.5%,0,,True,344.0,5.0,
nugenmik01,nyj,Mike Nugent,2005.0,23,NYJ,K,1.0,16.0,0.0,1,18,18.0,0.0,18.0,18.0,18,0.0,0.0%,1.0,100.0%,0,,False,,,
WeatSt20,nyj,Steve Weatherford,2009.0,27,NYJ,P,9.0,16.0,0.0,80,3357,42.0,238.0,2939.0,36.7,66,9.0,11.3%,25.0,31.3%,0,2.0,False,,,
WeatSt20,nyj,Steve Weatherford,2010.0,28,NYJ,P,9.0,16.0,0.0,84,3581,42.6,299.0,3202.0,38.1,61,4.0,4.8%,42.0,50.0%,0,2.0,False,,,
WeatSt20,nyj,Steve Weatherford,2015.0,33,NYJ,P,3.0,1.0,0.0,4,161,40.3,38.0,123.0,30.8,50,0.0,0.0%,0.0,0.0%,0,0.0,False,,,
MannBr01,nyj,Braden Mann,2020.0,23,NYJ,P,7.0,16.0,0.0,82,3598,43.9,446.0,,37.2,60,5.0,6.1%,,23.2%,0,3.0,False,3052.0,19.0,
MannBr01,nyj,Braden Mann,2021.0,24,NYJ,P,7.0,10.0,0.0,41,1875,45.7,151.0,,40.6,63,1.0,2.4%,,34.1%,1,1.0,False,1704.0,14.0,
MannBr01,nyj,Braden Mann,2022.0,25,NYJ,P,7.0,17.0,0.0,83,3889,46.9,363.0,,40.8,72,8.0,9.6%,,32.5%,0,3.0,False,3386.0,27.0,
MaloRo00,nyj,Robert Malone,2012.0,24,NYJ,P,3.0,16.0,0.0,84,3848,45.8,375.0,3313.0,38.5,61,8.0,9.5%,27.0,32.1%,2,2.0,False,,,
MaloRo00,nyj,Robert Malone,2013.0,25,NYJ,P,3.0,2.0,0.0,16,740,46.3,107.0,593.0,37.1,84,2.0,12.5%,3.0,18.8%,0,1.0,False,,,
QuigRy00,nyj,Ryan Quigley,2013.0,23,NYJ,P,1.0,14.0,0.0,72,3278,45.5,381.0,2837.0,39.4,67,3.0,4.2%,21.0,29.2%,0,2.0,False,,,
QuigRy00,nyj,Ryan Quigley,2014.0,24,NYJ,P,4.0,16.0,0.0,78,3580,45.9,250.0,3150.0,39.9,69,9.0,11.5%,23.0,29.5%,1,2.0,False,,,
QuigRy00,nyj,Ryan Quigley,2015.0,25,NYJ,P,4.0,15.0,0.0,75,3287,43.8,432.0,2775.0,36.5,68,4.0,5.3%,27.0,36.0%,1,1.0,False,,,
MorsTh00,nyj,Thomas Morstead,2023.0,37,NYJ,P,5.0,17.0,0.0,99,4831,48.8,540.0,,41.7,62,8.0,8.1%,,36.4%,0,4.0,False,4131.0,36.0,
MorsTh00,nyj,Thomas Morstead,2024.0,38,NYJ,P,6.0,3.0,0.0,12,584,48.7,64.0,,41.7,60,1.0,8.3%,,41.7%,0,,False,500.0,5.0,
AmmeMa00,nyj,Matt Ammendola,2021.0,25,NYJ,K,6.0,11.0,0.0,6,291,48.5,36.0,255.0,42.5,65,0.0,0.0%,2.0,33.3%,0,,False,,,
EdwaLa01,nyj,Lac Edwards,2016.0,24,NYJ,P,4.0,16.0,0.0,75,3236,43.1,319.0,2837.0,37.3,59,4.0,5.3%,24.0,32.0%,1,1.0,False,,,
EdwaLa01,nyj,Lac Edwards,2017.0,25,NYJ,P,4.0,16.0,0.0,94,4378,46.6,491.0,3807.0,40.5,70,4.0,4.3%,33.0,35.1%,0,3.0,False,,,
EdwaLa01,nyj,Lac Edwards,2018.0,26,NYJ,P,4.0,16.0,0.0,82,3763,45.9,318.0,3345.0,40.8,67,5.0,6.1%,23.0,28.0%,0,3.0,False,,,
EdwaLa01,nyj,Lac Edwards,2019.0,27,NYJ,P,4.0,16.0,0.0,87,3991,45.9,309.0,3622.0,41.6,63,3.0,3.4%,28.0,32.2%,0,3.0,False,,,
WeatSt20,nyj,Steve Weatherford,2009.0,27,NYJ,P,,2.0,0.0,12,514,42.8,7.0,467.0,38.9,61,2.0,16.7%,4.0,33.3%,0,,True,,,
WeatSt20,nyj,Steve Weatherford,2010.0,28,NYJ,P,,3.0,0.0,15,614,40.9,52.0,442.0,29.5,65,4.0,26.7%,3.0,20.0%,0,,True,,,
feelyjay01,nyj,Jay Feely,2009.0,33,NYJ,K,,3.0,0.0,7,220,31.4,23.0,197.0,28.1,37,0.0,0.0%,3.0,42.9%,0,,True,,,
nugenmik01,cin,Mike Nugent,2013.0,31,CIN,K,2.0,16.0,0.0,2,80,40.0,0.0,80.0,40.0,43,0.0,0.0%,0.0,0.0%,0,,False,,,
RehkRy00,cin,Ryan Rehkow,2024.0,26,CIN,P,8.0,2.0,0.0,6,356,59.3,23.0,,48.8,80,2.0,33.3%,,16.7%,0,,False,293.0,1.0,
HubeKe20,cin,Kevin Huber,2009.0,24,CIN,P,10.0,16.0,0.0,86,3713,43.2,393.0,3120.0,36.3,61,10.0,11.6%,24.0,27.9%,0,2.0,False,,,
HubeKe20,cin,Kevin Huber,2010.0,25,CIN,P,10.0,16.0,0.0,71,2992,42.1,124.0,2748.0,38.2,72,6.0,8.5%,28.0,39.4%,1,1.0,False,,,
HubeKe20,cin,Kevin Huber,2011.0,26,CIN,P,10.0,16.0,0.0,91,4023,44.2,273.0,3570.0,39.2,71,9.0,9.9%,24.0,26.4%,0,2.0,False,,,
HubeKe20,cin,Kevin Huber,2012.0,27,CIN,P,10.0,16.0,0.0,76,3540,46.6,210.0,3190.0,42.0,69,7.0,9.2%,33.0,43.4%,0,3.0,False,,,
HubeKe20,cin,Kevin Huber,2013.0,28,CIN,P,10.0,14.0,0.0,66,2982,45.2,229.0,2673.0,40.5,75,4.0,6.1%,24.0,36.4%,0,2.0,False,,,
HubeKe20,cin,Kevin Huber,2014.0,29,CIN,P,10.0,16.0,0.0,73,3419,46.8,226.0,3073.0,42.1,69,6.0,8.2%,27.0,37.0%,0,3.0,False,,,PB
HubeKe20,cin,Kevin Huber,2015.0,30,CIN,P,10.0,16.0,0.0,68,3116,45.8,203.0,2793.0,40.5,67,6.0,8.8%,22.0,32.4%,1,2.0,False,,,
HubeKe20,cin,Kevin Huber,2016.0,31,CIN,P,10.0,16.0,0.0,78,3613,46.3,369.0,3084.0,39.5,72,8.0,10.3%,23.0,29.5%,0,3.0,False,,,
HubeKe20,cin,Kevin Huber,2017.0,32,CIN,P,10.0,16.0,0.0,88,4101,46.6,410.0,3631.0,40.8,63,3.0,3.4%,32.0,36.4%,1,2.0,False,,,
HubeKe20,cin,Kevin Huber,2018.0,33,CIN,P,10.0,16.0,0.0,71,3119,43.9,220.0,2839.0,39.4,69,3.0,4.2%,29.0,40.8%,1,2.0,False,,,
HubeKe20,cin,Kevin Huber,2019.0,34,CIN,P,10.0,16.0,0.0,75,3394,45.3,136.0,3158.0,42.1,63,5.0,6.7%,30.0,40.0%,0,2.0,False,,,
HubeKe20,cin,Kevin Huber,2020.0,35,CIN,P,10.0,16.0,0.0,71,3350,47.2,170.0,3040.0,42.8,72,7.0,9.9%,19.0,26.8%,0,3.0,False,,,
HubeKe20,cin,Kevin Huber,2021.0,36,CIN,P,10.0,17.0,0.0,66,3064,46.4,235.0,2709.0,41.0,61,6.0,9.1%,22.0,33.3%,0,3.0,False,,,
HubeKe20,cin,Kevin Huber,2022.0,37,CIN,P,10.0,9.0,0.0,31,1340,43.2,160.0,1160.0,37.4,63,1.0,3.2%,9.0,29.0%,0,1.0,False,,,
ChriDr00,cin,Drue Chrisman,2022.0,25,CIN,P,4.0,7.0,0.0,28,1338,47.8,106.0,1192.0,42.6,65,2.0,7.1%,13.0,46.4%,0,1.0,False,,,
MeskZo99,cin,Zoltan Mesko,2013.0,27,CIN,P,,,,3,118,39.3,0.0,98.0,32.7,50,1.0,33.3%,2.0,66.7%,0,,True,,,
HubeKe20,cin,Kevin Huber,2009.0,24,CIN,P,,1.0,0.0,4,192,48.0,26.0,146.0,36.5,56,1.0,25.0%,0.0,0.0%,0,,True,,,
HubeKe20,cin,Kevin Huber,2011.0,26,CIN,P,,1.0,0.0,3,145,48.3,12.0,133.0,44.3,55,0.0,0.0%,1.0,33.3%,0,,True,,,
HubeKe20,cin,Kevin Huber,2012.0,27,CIN,P,,1.0,0.0,5,233,46.6,14.0,219.0,43.8,53,0.0,0.0%,3.0,60.0%,0,,True,,,
HubeKe20,cin,Kevin Huber,2014.0,29,CIN,P,,1.0,,8,380,47.5,35.0,345.0,43.1,62,0.0,0.0%,3.0,37.5%,0,,True,,,
HubeKe20,cin,Kevin Huber,2015.0,30,CIN,P,,1.0,0.0,6,255,42.5,8.0,247.0,41.2,51,0.0,0.0%,3.0,50.0%,0,,True,,,
HubeKe20,cin,Kevin Huber,2021.0,36,CIN,P,,4.0,0.0,16,674,42.1,30.0,644.0,40.3,57,0.0,0.0%,4.0,25.0%,0,,True,,,
ChriDr00,cin,Drue Chrisman,2022.0,25,CIN,P,,3.0,0.0,9,420,46.7,92.0,328.0,36.4,54,0.0,0.0%,3.0,33.3%,0,,True,,,
ODonPa00,chi,Pat O'Donnell,2014.0,23,CHI,P,16.0,16.0,0.0,71,3107,43.8,335.0,2712.0,37.7,61,3.0,4.2%,20.0,28.2%,1,2.0,False,,,
ODonPa00,chi,Pat O'Donnell,2015.0,24,CHI,P,16.0,15.0,0.0,70,3097,44.2,197.0,2820.0,39.7,72,4.0,5.7%,28.0,40.0%,1,1.0,False,,,
ODonPa00,chi,Pat O'Donnell,2016.0,25,CHI,P,16.0,16.0,0.0,68,2994,44.0,282.0,2612.0,38.4,67,5.0,7.4%,24.0,35.3%,0,2.0,False,,,
ODonPa00,chi,Pat O'Donnell,2017.0,26,CHI,P,16.0,16.0,0.0,87,4087,47.0,512.0,3455.0,39.7,69,6.0,6.9%,27.0,31.0%,0,5.0,False,,,
ODonPa00,chi,Pat O'Donnell,2018.0,27,CHI,P,16.0,16.0,0.0,62,2791,45.0,150.0,2501.0,39.7,65,7.0,11.3%,28.0,45.2%,1,2.0,False,,,
ODonPa00,chi,Pat O'Donnell,2019.0,28,CHI,P,16.0,16.0,0.0,80,3586,44.8,247.0,3299.0,40.7,75,2.0,2.5%,26.0,32.5%,1,2.0,False,,,
ODonPa00,chi,Pat O'Donnell,2020.0,29,CHI,P,16.0,16.0,0.0,64,2924,45.7,294.0,2530.0,39.5,64,5.0,7.8%,28.0,43.8%,0,3.0,False,,,
ODonPa00,chi,Pat O'Donnell,2021.0,30,CHI,P,16.0,17.0,0.0,62,2865,46.2,375.0,2390.0,38.5,72,5.0,8.1%,19.0,30.6%,0,2.0,False,,,
PodlAd20,chi,Adam Podlesh,2011.0,28,CHI,P,8.0,16.0,0.0,89,3903,43.9,223.0,3600.0,40.4,70,4.0,4.5%,21.0,23.6%,0,2.0,False,,,
PodlAd20,chi,Adam Podlesh,2012.0,29,CHI,P,8.0,16.0,0.0,81,3399,42.0,84.0,3195.0,39.4,64,6.0,7.4%,34.0,42.0%,0,1.0,False,,,
PodlAd20,chi,Adam Podlesh,2013.0,30,CHI,P,8.0,16.0,0.0,68,2763,40.6,111.0,2612.0,37.9,65,2.0,2.9%,27.0,39.7%,1,0.0,False,,,
gouldrob01,chi,Robbie Gould,2005.0,23,CHI,K,9.0,13.0,0.0,1,28,28.0,19.0,9.0,9.0,28,0.0,0.0%,0.0,0.0%,0,,False,,,
gouldrob01,chi,Robbie Gould,2007.0,25,CHI,K,9.0,16.0,0.0,2,53,26.5,0.0,53.0,26.5,28,0.0,0.0%,1.0,50.0%,0,,False,,,
LannSp00,chi,Spencer Lanning,2015.0,27,CHI,P,4.0,1.0,0.0,3,136,45.3,29.0,107.0,35.7,51,0.0,0.0%,1.0,33.3%,0,0.0,False,,,
GillTr01,chi,Trenton Gill,2022.0,23,CHI,P,16.0,17.0,0.0,66,3038,46.0,362.0,2616.0,39.0,63,3.0,4.5%,20.0,30.3%,1,2.0,False,,,
GillTr01,chi,Trenton Gill,2023.0,24,CHI,P,16.0,17.0,0.0,67,3088,46.1,381.0,2547.0,38.0,76,8.0,11.9%,18.0,26.9%,0,2.0,False,,,
ODonPa00,chi,Pat O'Donnell,2018.0,27,CHI,P,,1.0,0.0,6,243,40.5,-1.0,244.0,40.7,49,0.0,0.0%,4.0,66.7%,0,,True,,,
ODonPa00,chi,Pat O'Donnell,2020.0,29,CHI,P,,1.0,0.0,7,281,40.1,22.0,259.0,37.0,49,0.0,0.0%,2.0,28.6%,0,,True,,,
ODonPa00,gnb,Pat O'Donnell,2022.0,31,GNB,P,16.0,17.0,0.0,52,2313,44.5,215.0,2078.0,38.5,72,1.0,1.9%,24.0,46.2%,2,1.0,False,,,
SchuJa00,gnb,Jake Schum,2016.0,27,GNB,P,10.0,16.0,0.0,56,2420,43.2,151.0,2189.0,39.1,65,4.0,7.1%,19.0,33.9%,0,2.0,False,,,
VogeJu00,gnb,Justin Vogel,2017.0,24,GNB,P,8.0,16.0,0.0,71,3155,44.4,164.0,2951.0,41.6,62,2.0,2.8%,19.0,26.8%,0,2.0,False,,,
BojoCo00,gnb,Corey Bojorquez,2021.0,25,GNB,P,7.0,17.0,0.0,53,2467,46.5,268.0,,40.0,82,4.0,7.5%,,34.0%,0,2.0,False,2119.0,18.0,
SchuJa00,gnb,Jake Schum,2016.0,27,GNB,P,,3.0,0.0,11,524,47.6,26.0,478.0,43.5,66,0.0,0.0%,3.0,27.3%,0,,True,,,
BojoCo00,gnb,Corey Bojorquez,2021.0,25,GNB,P,,1.0,0.0,5,235,47.0,22.0,,35.5,59,1.0,20.0%,,0.0%,1,,True,213.0,0.0,
SturCa00,sdg,Caleb Sturgis,2018.0,29,LAC,K,6.0,6.0,0.0,1,24,24.0,0.0,24.0,24.0,24,0.0,0.0%,1.0,100.0%,0,,False,,,
LongTy00,sdg,Ty Long,2019.0,26,LAC,P,1.0,16.0,0.0,48,2256,47.0,252.0,1964.0,40.9,60,2.0,4.2%,17.0,35.4%,0,,False,,,
LongTy00,sdg,Ty Long,2020.0,27,LAC,P,1.0,16.0,0.0,57,2669,46.8,564.0,2045.0,34.1,63,3.0,5.3%,12.0,21.1%,3,,False,,,
LongTy00,sdg,Ty Long,2021.0,28,LAC,P,1.0,17.0,0.0,46,2091,45.5,323.0,1728.0,36.8,69,2.0,4.3%,11.0,23.9%,1,,False,,,
VizcTr00,sdg,Tristan Vizcaino,2021.0,25,LAC,K,16.0,6.0,0.0,1,32,32.0,6.0,26.0,26.0,32,0.0,0.0%,1.0,100.0%,0,,False,,,
brownjos01,sea,Josh Brown,2004.0,25,SEA,K,3.0,16.0,0.0,1,35,35.0,0.0,35.0,35.0,35,0.0,0.0%,0.0,0.0%,0,,False,,,
brownjos01,sea,Josh Brown,2005.0,26,SEA,K,3.0,16.0,0.0,1,20,20.0,0.0,20.0,20.0,20,0.0,0.0%,1.0,100.0%,0,,False,,,
brownjos01,sea,Josh Brown,2006.0,27,SEA,K,3.0,16.0,0.0,2,49,24.5,0.0,49.0,24.5,28,0.0,0.0%,1.0,50.0%,0,,False,,,
DickMi00,sea,Michael Dickson,2018.0,22,SEA,P,4.0,16.0,0.0,78,3759,48.2,304.0,,42.5,69,5.0,6.4%,,35.9%,1,3.0,False,3355.0,28.0,"AP1, PB"
DickMi00,sea,Michael Dickson,2019.0,23,SEA,P,4.0,16.0,0.0,74,3341,45.1,213.0,,40.9,63,5.0,6.8%,,45.9%,0,2.0,False,3028.0,34.0,
DickMi00,sea,Michael Dickson,2020.0,24,SEA,P,4.0,16.0,0.0,61,3028,49.6,199.0,,44.4,67,6.0,9.8%,,52.5%,0,4.0,False,2709.0,32.0,
DickMi00,sea,Michael Dickson,2021.0,25,SEA,P,4.0,17.0,0.0,83,3895,46.9,234.0,,41.7,68,10.0,12.0%,,48.2%,0,3.0,False,3461.0,40.0,
DickMi00,sea,Michael Dickson,2022.0,26,SEA,P,4.0,17.0,0.0,66,3199,48.5,215.0,,44.3,68,3.0,4.5%,,33.3%,0,3.0,False,2924.0,22.0,
DickMi00,sea,Michael Dickson,2023.0,27,SEA,P,4.0,17.0,0.0,66,3303,50.0,234.0,,44.1,73,8.0,12.1%,,37.9%,0,3.0,False,2909.0,25.0,
DickMi00,sea,Michael Dickson,2024.0,28,SEA,P,4.0,2.0,0.0,10,510,51.0,71.0,,41.9,61,1.0,10.0%,,10.0%,0,,False,419.0,1.0,
brownjos01,sea,Josh Brown,2005.0,26,SEA,K,,3.0,0.0,1,25,25.0,0.0,25.0,25.0,25,0.0,0.0%,1.0,100.0%,0,,True,,,
DickMi00,sea,Michael Dickson,2018.0,22,SEA,P,,1.0,0.0,7,360,51.4,80.0,,40.0,60,0.0,0.0%,,14.3%,0,,True,280.0,1.0,
DickMi00,sea,Michael Dickson,2019.0,23,SEA,P,,2.0,0.0,7,325,46.4,6.0,,42.7,64,0.0,0.0%,,57.1%,0,,True,299.0,4.0,
DickMi00,sea,Michael Dickson,2020.0,24,SEA,P,,1.0,0.0,8,446,55.8,9.0,,49.6,71,0.0,0.0%,,37.5%,0,,True,397.0,3.0,
DickMi00,sea,Michael Dickson,2022.0,26,SEA,P,,1.0,0.0,4,194,48.5,16.0,,44.5,60,0.0,0.0%,,25.0%,0,,True,178.0,1.0,
brownjos01,ram,Josh Brown,2008.0,29,STL,K,3.0,16.0,0.0,1,20,20.0,0.0,20.0,20.0,20,0.0,0.0%,1.0,100.0%,0,,False,,,
HekkJo00,ram,Johnny Hekker,2012.0,22,STL,P,6.0,16.0,0.0,82,3756,45.8,402.0,,39.9,68,4.0,4.9%,,26.8%,0,2.0,False,3274.0,22.0,
HekkJo00,ram,Johnny Hekker,2013.0,23,STL,P,6.0,16.0,0.0,78,3609,46.3,79.0,,44.2,64,4.0,5.1%,,24.4%,0,3.0,False,3450.0,19.0,"AP1, PB"
HekkJo00,ram,Johnny Hekker,2014.0,24,STL,P,6.0,16.0,0.0,80,3721,46.5,192.0,,42.3,61,5.0,6.3%,,41.3%,1,3.0,False,3429.0,33.0,AP2
HekkJo00,ram,Johnny Hekker,2015.0,25,STL,P,6.0,16.0,0.0,96,4601,47.9,289.0,,43.7,68,6.0,6.3%,,42.7%,0,4.0,False,4192.0,41.0,"AP1, PB"
SuccRy44,kan,Ryan Succop,2010.0,24,KAN,K,6.0,16.0,0.0,1,33,33.0,0.0,13.0,13.0,33,1.0,100.0%,0.0,0.0%,0,,False,,,
SuccRy44,kan,Ryan Succop,2013.0,27,KAN,K,6.0,16.0,0.0,1,29,29.0,0.0,9.0,9.0,29,1.0,100.0%,0.0,0.0%,0,,False,,,
ButkHa00,kan,Harrison Butker,2021.0,26,KAN,K,7.0,16.0,0.0,1,31,31.0,0.0,31.0,31.0,31,0.0,0.0%,1.0,100.0%,0,,False,,,
TownTo01,kan,Tommy Townsend,2020.0,24,KAN,P,5.0,16.0,0.0,52,2339,45.0,119.0,,40.4,67,6.0,11.5%,,38.5%,0,2.0,False,2100.0,20.0,
TownTo01,kan,Tommy Townsend,2021.0,25,KAN,P,5.0,16.0,0.0,37,1746,47.2,64.0,,43.8,68,3.0,8.1%,,54.1%,0,2.0,False,1622.0,20.0,
TownTo01,kan,Tommy Townsend,2022.0,26,KAN,P,5.0,17.0,0.0,53,2672,50.4,176.0,,45.6,76,4.0,7.5%,,41.5%,0,3.0,False,2416.0,22.0,"AP1, PB"
TownTo01,kan,Tommy Townsend,2023.0,27,KAN,P,5.0,17.0,0.0,59,2776,47.1,207.0,,41.9,68,5.0,8.5%,,33.9%,0,2.0,False,2473.0,20.0,
AraiMa00,kan,Matt Araiza,2024.0,24,KAN,P,14.0,2.0,0.0,5,256,51.2,12.0,,40.8,63,2.0,40.0%,,60.0%,0,,False,204.0,3.0,
ColqDu20,kan,Dustin Colquitt,2005.0,23,KAN,P,2.0,16.0,0.0,65,2564,39.4,179.0,2285.0,35.2,62,5.0,7.7%,27.0,41.5%,0,1.0,False,,,
ColqDu20,kan,Dustin Colquitt,2006.0,24,KAN,P,2.0,16.0,0.0,71,3145,44.3,254.0,2791.0,39.3,72,5.0,7.0%,23.0,32.4%,0,3.0,False,,,
ColqDu20,kan,Dustin Colquitt,2007.0,25,KAN,P,2.0,16.0,0.0,95,4322,45.5,387.0,3755.0,39.1,81,9.0,9.5%,27.0,28.4%,1,3.0,False,,,
ColqDu20,kan,Dustin Colquitt,2008.0,26,KAN,P,2.0,14.0,0.0,70,3110,44.4,209.0,2741.0,39.2,73,8.0,11.4%,27.0,38.6%,0,2.0,False,,,
ColqDu20,kan,Dustin Colquitt,2009.0,27,KAN,P,2.0,16.0,0.0,96,4361,45.4,285.0,3956.0,40.8,70,6.0,6.3%,41.0,42.7%,1,3.0,False,,,
ColqDu20,kan,Dustin Colquitt,2010.0,28,KAN,P,2.0,16.0,0.0,88,3908,44.4,361.0,3347.0,37.6,72,10.0,11.4%,33.0,37.5%,1,2.0,False,,,
ColqDu20,kan,Dustin Colquitt,2011.0,29,KAN,P,2.0,16.0,0.0,89,4084,45.9,411.0,3573.0,40.1,68,5.0,5.6%,27.0,30.3%,0,3.0,False,,,
ColqDu20,kan,Dustin Colquitt,2012.0,30,KAN,P,2.0,16.0,0.0,83,3887,46.8,362.0,3385.0,40.8,71,7.0,8.4%,45.0,54.2%,0,3.0,False,,,PB
ColqDu20,kan,Dustin Colquitt,2013.0,31,KAN,P,2.0,16.0,0.0,87,4005,46.0,246.0,3539.0,40.2,65,11.0,12.6%,35.0,40.2%,1,2.0,False,,,
ColqDu20,kan,Dustin Colquitt,2014.0,32,KAN,P,2.0,16.0,0.0,71,3164,44.6,190.0,2874.0,40.5,69,5.0,7.0%,31.0,43.7%,0,2.0,False,,,
ColqDu20,kan,Dustin Colquitt,2015.0,33,KAN,P,2.0,16.0,0.0,75,3333,44.4,170.0,3063.0,40.8,62,5.0,6.7%,37.0,49.3%,0,2.0,False,,,
ColqDu20,kan,Dustin Colquitt,2016.0,34,KAN,P,2.0,16.0,0.0,76,3427,45.1,157.0,3090.0,40.7,64,9.0,11.8%,38.0,50.0%,0,2.0,False,,,PB
ColqDu20,kan,Dustin Colquitt,2017.0,35,KAN,P,2.0,16.0,0.0,65,2936,45.2,164.0,2672.0,41.1,77,5.0,7.7%,29.0,44.6%,0,2.0,False,,,
ColqDu20,kan,Dustin Colquitt,2018.0,36,KAN,P,2.0,16.0,0.0,45,2021,44.9,97.0,1824.0,40.5,67,5.0,11.1%,21.0,46.7%,0,2.0,False,,,
ColqDu20,kan,Dustin Colquitt,2019.0,37,KAN,P,2.0,16.0,0.0,48,2126,44.3,89.0,1977.0,40.3,68,3.0,6.3%,21.0,43.8%,1,2.0,False,,,
TownTo01,kan,Tommy Townsend,2020.0,24,KAN,P,,3.0,0.0,4,151,37.8,0.0,,32.8,51,0.0,0.0%,,25.0%,0,,True,131.0,1.0,
TownTo01,kan,Tommy Townsend,2021.0,25,KAN,P,,3.0,0.0,10,435,43.5,35.0,,38.0,57,0.0,0.0%,,50.0%,0,,True,380.0,5.0,
TownTo01,kan,Tommy Townsend,2022.0,26,KAN,P,,3.0,0.0,10,452,45.2,63.0,,38.9,60,0.0,0.0%,,50.0%,0,,True,389.0,5.0,
TownTo01,kan,Tommy Townsend,2023.0,27,KAN,P,,4.0,0.0,15,715,47.7,21.0,,42.3,62,3.0,20.0%,,26.7%,0,,True,634.0,4.0,
ColqDu20,kan,Dustin Colquitt,2006.0,24,KAN,P,,1.0,0.0,6,314,52.3,28.0,286.0,47.7,66,0.0,0.0%,1.0,16.7%,0,,True,,,
ColqDu20,kan,Dustin Colquitt,2010.0,28,KAN,P,,1.0,0.0,3,153,51.0,0.0,113.0,37.7,54,2.0,66.7%,1.0,33.3%,0,,True,,,
ColqDu20,kan,Dustin Colquitt,2013.0,31,KAN,P,,1.0,0.0,2,78,39.0,0.0,78.0,39.0,47,0.0,0.0%,1.0,50.0%,0,,True,,,
ColqDu20,kan,Dustin Colquitt,2015.0,33,KAN,P,,2.0,0.0,7,288,41.1,22.0,266.0,38.0,56,0.0,0.0%,5.0,71.4%,0,,True,,,
ColqDu20,kan,Dustin Colquitt,2016.0,34,KAN,P,,1.0,0.0,4,183,45.8,9.0,174.0,43.5,54,0.0,0.0%,1.0,25.0%,0,,True,,,
ColqDu20,kan,Dustin Colquitt,2017.0,35,KAN,P,,1.0,0.0,5,250,50.0,18.0,212.0,42.4,54,0.0,0.0%,0.0,0.0%,0,,True,,,
ColqDu20,kan,Dustin Colquitt,2018.0,36,KAN,P,,2.0,0.0,8,327,40.9,38.0,289.0,32.1,59,1.0,12.5%,3.0,37.5%,1,,True,,,
ColqDu20,kan,Dustin Colquitt,2019.0,37,KAN,P,,3.0,0.0,8,345,43.1,20.0,285.0,31.7,51,1.0,12.5%,3.0,37.5%,1,,True,,,
WayxTr00,was,Tress Way,2014.0,24,WAS,P,5.0,16.0,0.0,77,3659,47.5,397.0,,40.0,77,7.0,9.1%,,28.6%,1,3.0,False,3122.0,22.0,
WayxTr00,was,Tress Way,2015.0,25,WAS,P,5.0,16.0,0.0,70,3224,46.1,258.0,,39.8,64,7.0,10.0%,,30.0%,1,2.0,False,2826.0,21.0,
WayxTr00,was,Tress Way,2016.0,26,WAS,P,5.0,16.0,0.0,49,2209,45.1,222.0,,38.9,61,4.0,8.2%,,30.6%,0,2.0,False,1907.0,15.0,
WayxTr00,was,Tress Way,2017.0,27,WAS,P,5.0,16.0,0.0,83,3794,45.7,435.0,,39.0,64,6.0,7.2%,,39.8%,0,2.0,False,3239.0,33.0,
WayxTr00,was,Tress Way,2018.0,28,WAS,P,5.0,16.0,0.0,79,3581,45.3,303.0,,41.5,63,0.0,0.0%,,51.9%,0,2.0,False,3278.0,41.0,
WayxTr00,was,Tress Way,2019.0,29,WAS,P,5.0,16.0,0.0,79,3919,49.6,354.0,,44.1,79,4.0,5.1%,,38.0%,0,4.0,False,3485.0,30.0,"AP2, PB"
WayxTr00,was,Tress Way,2020.0,30,WAS,P,5.0,16.0,0.0,73,3504,48.0,209.0,,44.3,65,3.0,4.1%,,31.5%,0,4.0,False,3235.0,23.0,
WayxTr00,was,Tress Way,2021.0,31,WAS,P,5.0,16.0,0.0,60,2901,48.4,237.0,,42.1,66,7.0,11.7%,,36.7%,0,3.0,False,2524.0,22.0,
WayxTr00,was,Tress Way,2022.0,32,WAS,P,5.0,17.0,0.0,83,3885,46.8,212.0,,43.0,68,5.0,6.0%,,44.6%,0,3.0,False,3567.0,37.0,PB
WayxTr00,was,Tress Way,2023.0,33,WAS,P,5.0,17.0,0.0,73,3361,46.0,272.0,,41.0,66,2.0,2.7%,,41.1%,1,2.0,False,3033.0,30.0,
WayxTr00,was,Tress Way,2024.0,34,WAS,P,10.0,2.0,0.0,3,139,46.3,15.0,,41.3,54,0.0,0.0%,,33.3%,0,,False,124.0,1.0,
RoccSa20,was,Saverio Rocca,2011.0,38,WAS,P,6.0,16.0,0.0,66,2842,43.1,250.0,2572.0,39.0,63,1.0,1.5%,28.0,42.4%,0,2.0,False,,,
RoccSa20,was,Saverio Rocca,2012.0,39,WAS,P,6.0,16.0,0.0,68,2984,43.9,320.0,2604.0,37.2,61,3.0,4.4%,22.0,32.4%,2,1.0,False,,,
RoccSa20,was,Saverio Rocca,2013.0,40,WAS,P,6.0,16.0,0.0,84,3526,42.0,655.0,2871.0,33.8,63,0.0,0.0%,26.0,31.0%,1,1.0,False,,,
GanoGr44,was,Graham Gano,2010.0,23,WAS,K,4.0,16.0,0.0,4,141,35.3,21.0,120.0,24.0,42,0.0,0.0%,1.0,25.0%,1,,False,,,
WayxTr00,was,Tress Way,2015.0,25,WAS,P,,1.0,0.0,5,253,50.6,29.0,,44.8,60,0.0,0.0%,,60.0%,0,,True,224.0,3.0,
WayxTr00,was,Tress Way,2020.0,30,WAS,P,,1.0,0.0,5,219,43.8,16.0,,36.6,52,0.0,0.0%,,20.0%,0,,True,183.0,1.0,
RoccSa20,was,Saverio Rocca,2012.0,39,WAS,P,,1.0,0.0,4,193,48.3,19.0,174.0,43.5,53,0.0,0.0%,0.0,0.0%,0,,True,,,
WeatSt20,nor,Steve Weatherford,2006.0,24,NOR,P,7.0,16.0,0.0,77,3369,43.8,279.0,2890.0,37.5,59,10.0,13.0%,19.0,24.7%,0,2.0,False,,,
WeatSt20,nor,Steve Weatherford,2007.0,25,NOR,P,7.0,16.0,0.0,63,2757,43.8,335.0,2342.0,37.2,61,4.0,6.3%,20.0,31.7%,0,2.0,False,,,
GillBl00,nor,Blake Gillikin,2021.0,23,NOR,P,4.0,17.0,0.0,83,3956,47.7,391.0,,42.0,63,4.0,4.8%,,34.9%,0,4.0,False,3485.0,29.0,
GillBl00,nor,Blake Gillikin,2022.0,24,NOR,P,4.0,17.0,0.0,77,3571,46.4,240.0,,41.4,68,7.0,9.1%,,41.6%,0,3.0,False,3191.0,32.0,
MorsTh00,nor,Thomas Morstead,2009.0,23,NOR,P,6.0,16.0,0.0,58,2528,43.6,358.0,,36.0,60,4.0,6.9%,,31.0%,0,2.0,False,2090.0,18.0,
MorsTh00,nor,Thomas Morstead,2010.0,24,NOR,P,6.0,16.0,0.0,57,2618,45.9,310.0,,38.4,64,6.0,10.5%,,36.8%,0,3.0,False,2188.0,21.0,
MorsTh00,nor,Thomas Morstead,2011.0,25,NOR,P,6.0,16.0,0.0,46,2224,48.3,118.0,,43.1,64,4.0,8.7%,,28.3%,1,3.0,False,2026.0,13.0,
MorsTh00,nor,Thomas Morstead,2012.0,26,NOR,P,6.0,16.0,0.0,74,3707,50.1,391.0,,43.2,70,6.0,8.1%,,27.0%,0,4.0,False,3196.0,20.0,"AP2, PB"
MorsTh00,nor,Thomas Morstead,2013.0,27,NOR,P,6.0,16.0,0.0,61,2859,46.9,180.0,,42.3,61,5.0,8.2%,,41.0%,0,3.0,False,2579.0,25.0,
MorsTh00,nor,Thomas Morstead,2014.0,28,NOR,P,6.0,16.0,0.0,58,2690,46.4,99.0,,42.9,63,5.0,8.6%,,32.8%,0,3.0,False,2491.0,19.0,
MorsTh00,nor,Thomas Morstead,2015.0,29,NOR,P,6.0,14.0,0.0,56,2551,45.6,194.0,,40.7,58,4.0,7.1%,,35.7%,0,2.0,False,2277.0,20.0,
MorsTh00,nor,Thomas Morstead,2016.0,30,NOR,P,6.0,16.0,0.0,57,2751,48.3,237.0,,42.4,66,5.0,8.8%,,38.6%,0,3.0,False,2414.0,22.0,
MorsTh00,nor,Thomas Morstead,2017.0,31,NOR,P,6.0,16.0,0.0,60,2822,47.0,249.0,,42.2,68,2.0,3.3%,,43.3%,0,3.0,False,2533.0,26.0,
MorsTh00,nor,Thomas Morstead,2018.0,32,NOR,P,6.0,16.0,0.0,43,1996,46.4,60.0,,43.2,60,4.0,9.3%,,34.9%,0,3.0,False,1856.0,15.0,
MorsTh00,nor,Thomas Morstead,2019.0,33,NOR,P,6.0,16.0,0.0,60,2770,46.2,166.0,,43.1,64,1.0,1.7%,,48.3%,0,2.0,False,2584.0,29.0,
MorsTh00,nor,Thomas Morstead,2020.0,34,NOR,P,6.0,16.0,0.0,62,2674,43.1,46.0,,41.7,58,2.0,3.2%,,37.1%,0,2.0,False,2588.0,23.0,
FielBr20,nor,Brandon Fields,2015.0,31,NOR,P,4.0,2.0,0.0,10,412,41.2,21.0,351.0,35.1,57,2.0,20.0%,4.0,40.0%,0,0.0,False,,,
HaybMa00,nor,Matthew Hayball,2024.0,27,NOR,P,43.0,2.0,0.0,3,122,40.7,0.0,,40.7,49,0.0,0.0%,,66.7%,0,,False,122.0,2.0,
HedlLo00,nor,Lou Hedley,2023.0,30,NOR,P,39.0,17.0,0.0,75,3224,43.0,168.0,2976.0,39.7,62,4.0,5.3%,31.0,41.3%,0,1.0,False,,,
WeatSt20,nor,Steve Weatherford,2006.0,24,NOR,P,,2.0,0.0,8,315,39.4,37.0,258.0,32.3,47,1.0,12.5%,2.0,25.0%,0,,True,,,
MorsTh00,nor,Thomas Morstead,2009.0,23,NOR,P,,3.0,0.0,13,618,47.5,15.0,,44.8,66,1.0,7.7%,,46.2%,0,,True,583.0,6.0,
MorsTh00,nor,Thomas Morstead,2010.0,24,NOR,P,,1.0,0.0,4,191,47.8,12.0,,44.8,55,0.0,0.0%,,0.0%,0,,True,179.0,0.0,
MorsTh00,nor,Thomas Morstead,2011.0,25,NOR,P,,2.0,0.0,5,227,45.4,29.0,,39.6,60,0.0,0.0%,,40.0%,0,,True,198.0,2.0,
MorsTh00,nor,Thomas Morstead,2013.0,27,NOR,P,,2.0,0.0,7,260,37.1,34.0,,32.3,55,0.0,0.0%,,42.9%,0,,True,226.0,3.0,
MorsTh00,nor,Thomas Morstead,2017.0,31,NOR,P,,2.0,0.0,8,375,46.9,30.0,,40.6,57,0.0,0.0%,,25.0%,0,,True,325.0,2.0,
MorsTh00,nor,Thomas Morstead,2018.0,32,NOR,P,,2.0,0.0,7,305,43.6,0.0,,43.6,50,0.0,0.0%,,28.6%,0,,True,305.0,2.0,
MorsTh00,nor,Thomas Morstead,2019.0,33,NOR,P,,1.0,0.0,5,229,45.8,17.0,,42.4,50,0.0,0.0%,,20.0%,0,,True,212.0,1.0,
MorsTh00,nor,Thomas Morstead,2020.0,34,NOR,P,,2.0,0.0,5,200,40.0,13.0,,37.4,55,0.0,0.0%,,60.0%,0,,True,187.0,3.0,
WeatSt20,,Steve Weatherford,2008.0,26,3TM,P,,14.0,0.0,59,2521,42.7,307.0,2014.0,34.1,61,10.0,16.9%,8.0,13.6%,0,2.0,False,,,
WinsRy00,,Ryan Winslow,2021.0,27,3TM,P,,4.0,0.0,16,625,39.1,26.0,599.0,37.4,46,0.0,0.0%,3.0,18.8%,0,0.0,False,,,
WeatSt20,nyg,Steve Weatherford,2011.0,29,NYG,P,5.0,16.0,0.0,82,3745,45.7,407.0,3218.0,39.2,62,6.0,7.3%,25.0,30.5%,0,2.0,False,,,
WeatSt20,nyg,Steve Weatherford,2012.0,30,NYG,P,5.0,16.0,0.0,58,2757,47.5,353.0,2284.0,39.4,68,6.0,10.3%,22.0,37.9%,0,3.0,False,,,
WeatSt20,nyg,Steve Weatherford,2013.0,31,NYG,P,5.0,16.0,0.0,91,4271,46.9,655.0,3476.0,38.2,68,7.0,7.7%,25.0,27.5%,0,3.0,False,,,
WeatSt20,nyg,Steve Weatherford,2014.0,32,NYG,P,5.0,16.0,0.0,80,3640,45.5,391.0,3129.0,38.6,71,6.0,7.5%,25.0,31.3%,1,2.0,False,,,
WingBr00,nyg,Brad Wing,2015.0,24,NYG,P,9.0,16.0,0.0,76,3380,44.5,300.0,2960.0,38.9,64,6.0,7.9%,33.0,43.4%,0,2.0,False,,,
WingBr00,nyg,Brad Wing,2016.0,25,NYG,P,9.0,16.0,0.0,93,4297,46.2,330.0,3807.0,40.9,63,8.0,8.6%,28.0,30.1%,0,3.0,False,,,
WingBr00,nyg,Brad Wing,2017.0,26,NYG,P,9.0,16.0,0.0,95,4189,44.1,448.0,3561.0,36.7,69,9.0,9.5%,19.0,20.0%,2,1.0,False,,,
DixoRi00,nyg,Riley Dixon,2018.0,25,NYG,P,9.0,16.0,0.0,71,3226,45.4,177.0,,41.8,60,4.0,5.6%,,28.2%,0,2.0,False,2969.0,20.0,
DixoRi00,nyg,Riley Dixon,2019.0,26,NYG,P,9.0,16.0,0.0,69,3178,46.1,136.0,,42.3,62,2.0,2.9%,,42.0%,2,2.0,False,3002.0,29.0,
DixoRi00,nyg,Riley Dixon,2020.0,27,NYG,P,9.0,16.0,0.0,65,2911,44.8,232.0,,38.8,71,6.0,9.2%,,43.1%,1,2.0,False,2559.0,28.0,
DixoRi00,nyg,Riley Dixon,2021.0,28,NYG,P,9.0,17.0,0.0,74,3283,44.4,237.0,,39.5,63,6.0,8.1%,,32.4%,0,2.0,False,2926.0,24.0,
GillJa00,nyg,Jamie Gillan,2022.0,25,NYG,P,17.0,17.0,0.0,74,3463,46.8,347.0,,39.7,69,9.0,12.2%,,35.1%,1,2.0,False,2975.0,26.0,
GillJa00,nyg,Jamie Gillan,2023.0,26,NYG,P,6.0,17.0,0.0,95,4371,46.0,283.0,,42.2,74,4.0,4.2%,,36.8%,0,2.0,False,4008.0,35.0,
GillJa00,nyg,Jamie Gillan,2024.0,27,NYG,P,6.0,2.0,0.0,8,364,45.5,24.0,,42.5,60,0.0,0.0%,,62.5%,0,,False,340.0,5.0,
WeatSt20,nyg,Steve Weatherford,2011.0,29,NYG,P,,4.0,0.0,22,999,45.4,86.0,873.0,39.7,57,2.0,9.1%,6.0,27.3%,0,,True,,,
WingBr00,nyg,Brad Wing,2016.0,25,NYG,P,,1.0,0.0,8,312,39.0,50.0,262.0,32.8,55,0.0,0.0%,2.0,25.0%,0,,True,,,
GillJa00,nyg,Jamie Gillan,2022.0,25,NYG,P,,2.0,0.0,7,306,43.7,0.0,,43.7,48,0.0,0.0%,,28.6%,0,,True,306.0,2.0,
RoccSa20,phi,Saverio Rocca,2007.0,34,PHI,P,6.0,16.0,0.0,73,3066,42.0,409.0,2517.0,34.5,65,7.0,9.6%,24.0,32.9%,0,2.0,False,,,
RoccSa20,phi,Saverio Rocca,2008.0,35,PHI,P,6.0,16.0,0.0,77,3334,43.3,296.0,2958.0,37.9,65,4.0,5.2%,24.0,31.2%,1,2.0,False,,,
RoccSa20,phi,Saverio Rocca,2009.0,36,PHI,P,6.0,16.0,0.0,76,3222,42.4,229.0,2913.0,38.3,61,4.0,5.3%,26.0,34.2%,0,2.0,False,,,
RoccSa20,phi,Saverio Rocca,2010.0,37,PHI,P,6.0,16.0,0.0,73,3195,43.8,309.0,2846.0,39.0,63,2.0,2.7%,28.0,38.4%,0,2.0,False,,,
MannBr01,phi,Braden Mann,2023.0,26,PHI,P,10.0,15.0,0.0,44,2190,49.8,244.0,,43.8,63,1.0,2.3%,,34.1%,0,2.0,False,1926.0,15.0,
MannBr01,phi,Braden Mann,2024.0,27,PHI,P,10.0,2.0,0.0,4,194,48.5,11.0,,45.8,54,0.0,0.0%,,50.0%,0,,False,183.0,2.0,
SipoAr01,phi,Arryn Siposs,2021.0,29,PHI,P,8.0,17.0,0.0,55,2416,43.9,225.0,2131.0,38.7,68,3.0,5.5%,17.0,30.9%,0,1.0,False,,,
SipoAr01,phi,Arryn Siposs,2022.0,30,PHI,P,8.0,13.0,0.0,44,2005,45.6,208.0,1737.0,38.6,59,3.0,6.8%,16.0,36.4%,1,1.0,False,,,
SipoAr01,phi,Arryn Siposs,2023.0,31,PHI,P,10.0,2.0,0.0,8,347,43.4,40.0,307.0,38.4,54,0.0,0.0%,2.0,25.0%,0,0.0,False,,,
KernBr20,phi,Brett Kern,2022.0,36,PHI,P,13.0,4.0,0.0,10,408,40.8,42.0,366.0,36.6,53,0.0,0.0%,1.0,10.0%,0,0.0,False,,,
akersdav01,phi,David Akers,2004.0,30,PHI,K,2.0,16.0,0.0,1,36,36.0,0.0,16.0,16.0,36,1.0,100.0%,0.0,0.0%,0,,False,,,
ElliJa03,phi,Jake Elliott,2020.0,25,PHI,K,4.0,16.0,0.0,2,77,38.5,0.0,77.0,38.5,42,0.0,0.0%,1.0,50.0%,0,,False,,,
ElliJa03,phi,Jake Elliott,2022.0,27,PHI,K,4.0,16.0,0.0,1,35,35.0,0.0,35.0,35.0,35,0.0,0.0%,0.0,0.0%,0,,False,,,
RoccSa20,phi,Saverio Rocca,2008.0,35,PHI,P,,3.0,0.0,9,403,44.8,19.0,384.0,42.7,58,0.0,0.0%,6.0,66.7%,0,,True,,,
RoccSa20,phi,Saverio Rocca,2009.0,36,PHI,P,,1.0,0.0,5,253,50.6,56.0,177.0,35.4,59,1.0,20.0%,1.0,20.0%,0,,True,,,
RoccSa20,phi,Saverio Rocca,2010.0,37,PHI,P,,1.0,0.0,4,163,40.8,18.0,145.0,36.3,52,0.0,0.0%,1.0,25.0%,0,,True,,,
MannBr01,phi,Braden Mann,2023.0,26,PHI,P,,1.0,0.0,4,188,47.0,24.0,,41.0,57,0.0,0.0%,,0.0%,0,,True,164.0,0.0,
SipoAr01,phi,Arryn Siposs,2021.0,29,PHI,P,,1.0,0.0,6,252,42.0,13.0,239.0,39.8,58,0.0,0.0%,2.0,33.3%,0,,True,,,
SipoAr01,phi,Arryn Siposs,2022.0,30,PHI,P,,1.0,0.0,2,95,47.5,77.0,18.0,9.0,57,0.0,0.0%,0.0,0.0%,0,,True,,,
KernBr20,phi,Brett Kern,2022.0,36,PHI,P,,2.0,0.0,7,309,44.1,14.0,275.0,39.3,53,1.0,14.3%,3.0,42.9%,0,,True,,,
PalaMi00,mia,Michael Palardy,2021.0,29,MIA,P,5.0,17.0,0.0,78,3489,44.7,262.0,3127.0,40.1,65,5.0,6.4%,31.0,39.7%,0,2.0,False,,,
MorsTh00,mia,Thomas Morstead,2022.0,36,MIA,P,4.0,17.0,0.0,61,2828,46.4,305.0,,40.5,66,2.0,3.3%,,45.9%,0,2.0,False,2471.0,28.0,
BailJa00,mia,Jake Bailey,2023.0,26,MIA,P,16.0,17.0,0.0,53,2424,45.7,207.0,,40.7,66,3.0,5.7%,,37.7%,0,1.0,False,2157.0,20.0,
BailJa00,mia,Jake Bailey,2024.0,27,MIA,P,16.0,2.0,0.0,5,246,49.2,3.0,,48.6,57,0.0,0.0%,,80.0%,0,,False,243.0,4.0,
DarrMa00,mia,Matt Darr,2015.0,23,MIA,P,4.0,16.0,0.0,92,4380,47.6,526.0,3654.0,39.7,70,10.0,10.9%,30.0,32.6%,0,3.0,False,,,
DarrMa00,mia,Matt Darr,2016.0,24,MIA,P,4.0,16.0,0.0,90,3991,44.3,300.0,3591.0,39.9,66,5.0,5.6%,32.0,35.6%,0,2.0,False,,,
CarpDa44,mia,Dan Carpenter,2012.0,27,MIA,K,5.0,14.0,0.0,1,29,29.0,0.0,29.0,29.0,29,0.0,0.0%,1.0,100.0%,0,,False,,,
HaacMa00,mia,Matt Haack,2017.0,23,MIA,P,16.0,16.0,0.0,83,3695,44.5,220.0,3375.0,40.7,64,5.0,6.0%,30.0,36.1%,0,2.0,False,,,
HaacMa00,mia,Matt Haack,2018.0,24,MIA,P,2.0,16.0,0.0,87,3884,44.6,384.0,3380.0,38.4,65,6.0,6.9%,35.0,40.2%,1,2.0,False,,,
HaacMa00,mia,Matt Haack,2019.0,25,MIA,P,2.0,16.0,0.0,69,3105,45.0,229.0,2836.0,41.1,62,2.0,2.9%,23.0,33.3%,0,2.0,False,,,
HaacMa00,mia,Matt Haack,2020.0,26,MIA,P,2.0,16.0,0.0,68,3040,44.7,297.0,2703.0,39.8,63,2.0,2.9%,26.0,38.2%,0,2.0,False,,,
FielBr20,mia,Brandon Fields,2007.0,23,MIA,P,4.0,16.0,0.0,77,3327,43.2,387.0,2820.0,36.6,61,6.0,7.8%,10.0,13.0%,0,2.0,False,,,
FielBr20,mia,Brandon Fields,2008.0,24,MIA,P,2.0,16.0,0.0,74,3249,43.9,485.0,2624.0,35.5,71,7.0,9.5%,24.0,32.4%,0,2.0,False,,,
FielBr20,mia,Brandon Fields,2009.0,25,MIA,P,2.0,16.0,0.0,75,3472,46.3,369.0,2983.0,39.8,66,6.0,8.0%,25.0,33.3%,0,3.0,False,,,
FielBr20,mia,Brandon Fields,2010.0,26,MIA,P,2.0,16.0,0.0,73,3369,46.2,454.0,2835.0,37.8,69,4.0,5.5%,31.0,42.5%,2,3.0,False,,,
FielBr20,mia,Brandon Fields,2011.0,27,MIA,P,2.0,16.0,0.0,78,3810,48.8,463.0,3207.0,41.1,70,7.0,9.0%,32.0,41.0%,0,4.0,False,,,
FielBr20,mia,Brandon Fields,2012.0,28,MIA,P,2.0,16.0,0.0,73,3666,50.2,484.0,3051.0,41.8,67,9.0,12.3%,29.0,39.7%,0,4.0,False,,,
FielBr20,mia,Brandon Fields,2013.0,29,MIA,P,2.0,16.0,0.0,85,4150,48.8,407.0,3603.0,42.4,74,7.0,8.2%,33.0,38.8%,0,4.0,False,,,"AP2, PB"
FielBr20,mia,Brandon Fields,2014.0,30,MIA,P,2.0,16.0,0.0,58,2688,46.3,349.0,2279.0,38.6,60,3.0,5.2%,21.0,36.2%,1,2.0,False,,,
MorsTh00,mia,Thomas Morstead,2022.0,36,MIA,P,,1.0,0.0,6,262,43.7,21.0,,40.2,52,0.0,0.0%,,16.7%,0,,True,241.0,1.0,
BailJa00,mia,Jake Bailey,2023.0,26,MIA,P,,1.0,0.0,4,163,40.8,1.0,,40.5,51,0.0,0.0%,,0.0%,0,,True,162.0,0.0,
DarrMa00,mia,Matt Darr,2016.0,24,MIA,P,,1.0,0.0,2,102,51.0,9.0,73.0,36.5,61,0.0,0.0%,0.0,0.0%,0,,True,,,
FielBr20,mia,Brandon Fields,2008.0,24,MIA,P,,1.0,0.0,3,132,44.0,21.0,111.0,37.0,56,0.0,0.0%,1.0,33.3%,0,,True,,,
PalaMi00,nwe,Michael Palardy,2022.0,30,NWE,P,17.0,8.0,0.0,42,1781,42.4,122.0,1559.0,36.3,58,5.0,11.9%,10.0,23.8%,1,0.0,False,,,
vinatada01,nwe,Adam Vinatieri,1996.0,24,NWE,K,4.0,16.0,0.0,1,27,27.0,0.0,27.0,27.0,27,0.0,0.0%,1.0,100.0%,0,,False,,,
vinatada01,nwe,Adam Vinatieri,2001.0,29,NWE,K,4.0,16.0,0.0,1,33,33.0,0.0,33.0,33.0,33,0.0,0.0%,1.0,100.0%,0,,False,,,
MeskZo99,nwe,Zoltan Mesko,2010.0,24,NWE,P,14.0,16.0,0.0,58,2505,43.2,179.0,2226.0,38.4,65,5.0,8.6%,19.0,32.8%,0,2.0,False,,,
MeskZo99,nwe,Zoltan Mesko,2011.0,25,NWE,P,14.0,16.0,0.0,57,2648,46.5,220.0,2368.0,41.5,65,3.0,5.3%,24.0,42.1%,0,3.0,False,,,
MeskZo99,nwe,Zoltan Mesko,2012.0,26,NWE,P,14.0,16.0,0.0,60,2585,43.1,154.0,2311.0,37.9,62,6.0,10.0%,28.0,46.7%,1,1.0,False,,,
AlleRy01,nwe,Ryan Allen,2013.0,23,NWE,P,6.0,16.0,0.0,76,3491,45.9,221.0,3030.0,39.9,65,12.0,15.8%,29.0,38.2%,0,3.0,False,,,
AlleRy01,nwe,Ryan Allen,2014.0,24,NWE,P,6.0,16.0,0.0,66,3060,46.4,267.0,2673.0,39.9,67,6.0,9.1%,25.0,37.9%,1,2.0,False,,,
AlleRy01,nwe,Ryan Allen,2015.0,25,NWE,P,6.0,16.0,0.0,73,3358,46.0,347.0,2951.0,39.9,67,3.0,4.1%,31.0,42.5%,1,2.0,False,,,
AlleRy01,nwe,Ryan Allen,2016.0,26,NWE,P,6.0,16.0,0.0,72,3217,44.7,134.0,2983.0,41.4,58,5.0,6.9%,23.0,31.9%,0,2.0,False,,,
AlleRy01,nwe,Ryan Allen,2017.0,27,NWE,P,6.0,16.0,0.0,58,2515,43.4,105.0,2350.0,40.5,60,3.0,5.2%,24.0,41.4%,0,2.0,False,,,
AlleRy01,nwe,Ryan Allen,2018.0,28,NWE,P,6.0,16.0,0.0,64,2885,45.1,255.0,2530.0,39.5,66,5.0,7.8%,21.0,32.8%,0,2.0,False,,,
BailJa00,nwe,Jake Bailey,2019.0,22,NWE,P,7.0,16.0,0.0,81,3638,44.9,175.0,,41.3,65,6.0,7.4%,,44.4%,0,2.0,False,3343.0,36.0,
BailJa00,nwe,Jake Bailey,2020.0,23,NWE,P,7.0,16.0,0.0,55,2678,48.7,71.0,,45.6,71,5.0,9.1%,,56.4%,0,3.0,False,2507.0,31.0,"AP1, PB"
BailJa00,nwe,Jake Bailey,2021.0,24,NWE,P,7.0,17.0,0.0,49,2316,47.3,138.0,,39.6,71,6.0,12.2%,,46.9%,3,1.0,False,2058.0,23.0,
BailJa00,nwe,Jake Bailey,2022.0,25,NWE,P,7.0,9.0,0.0,37,1557,42.1,157.0,,35.1,62,5.0,13.5%,,32.4%,0,1.0,False,1300.0,12.0,
BariBr00,nwe,Bryce Baringer,2023.0,24,NWE,P,17.0,17.0,0.0,98,4598,46.9,441.0,,40.8,79,8.0,8.2%,,38.8%,0,3.0,False,3997.0,38.0,
BariBr00,nwe,Bryce Baringer,2024.0,25,NWE,P,17.0,2.0,0.0,11,592,53.8,60.0,,46.5,67,1.0,9.1%,,54.5%,0,,False,512.0,6.0,
CassMa00,nwe,Matt Cassel,2008.0,26,NWE,QB,16.0,16.0,15.0,1,57,57.0,0.0,57.0,57.0,57,0.0,0.0%,1.0,100.0%,0,,False,,,
BradTo00,nwe,Tom Brady,2003.0,26,NWE,QB,12.0,16.0,16.0,1,36,36.0,0.0,36.0,36.0,36,0.0,0.0%,1.0,100.0%,0,,False,,,
BradTo00,nwe,Tom Brady,2013.0,36,NWE,QB,12.0,16.0,16.0,1,32,32.0,0.0,32.0,32.0,32,0.0,0.0%,0.0,0.0%,0,,False,,,
vinatada01,nwe,Adam Vinatieri,2005.0,33,NWE,K,,2.0,0.0,1,24,24.0,0.0,24.0,24.0,24,0.0,0.0%,1.0,100.0%,0,,True,,,
GostSt20,nwe,Stephen Gostkowski,2013.0,29,NWE,K,,2.0,0.0,5,209,41.8,6.0,183.0,36.6,53,1.0,20.0%,2.0,40.0%,0,,True,,,
MeskZo99,nwe,Zoltan Mesko,2010.0,24,NWE,P,,1.0,0.0,4,188,47.0,4.0,164.0,41.0,55,1.0,25.0%,0.0,0.0%,0,,True,,,
MeskZo99,nwe,Zoltan Mesko,2011.0,25,NWE,P,,3.0,0.0,7,298,42.6,14.0,264.0,37.7,53,1.0,14.3%,3.0,42.9%,0,,True,,,
MeskZo99,nwe,Zoltan Mesko,2012.0,26,NWE,P,,2.0,0.0,10,443,44.3,28.0,415.0,41.5,64,0.0,0.0%,6.0,60.0%,0,,True,,,
AlleRy01,nwe,Ryan Allen,2013.0,23,NWE,P,,2.0,0.0,4,202,50.5,-1.0,203.0,50.8,60,0.0,0.0%,3.0,75.0%,0,,True,,,
AlleRy01,nwe,Ryan Allen,2014.0,24,NWE,P,,3.0,,12,493,41.1,41.0,432.0,36.0,64,0.0,0.0%,3.0,25.0%,0,,True,,,
AlleRy01,nwe,Ryan Allen,2015.0,25,NWE,P,,2.0,0.0,9,407,45.2,48.0,339.0,37.7,55,0.0,0.0%,1.0,11.1%,0,,True,,,
AlleRy01,nwe,Ryan Allen,2016.0,26,NWE,P,,3.0,0.0,12,503,41.9,44.0,459.0,38.3,58,0.0,0.0%,7.0,58.3%,0,,True,,,
AlleRy01,nwe,Ryan Allen,2017.0,27,NWE,P,,3.0,0.0,10,419,41.9,,,,57,,,,,0,,True,,,
AlleRy01,nwe,Ryan Allen,2018.0,28,NWE,P,,3.0,0.0,11,463,42.1,1.0,422.0,38.4,53,0.0,0.0%,6.0,54.5%,0,,True,,,
BailJa00,nwe,Jake Bailey,2019.0,22,NWE,P,,1.0,0.0,5,230,46.0,0.0,,38.0,61,0.0,0.0%,,40.0%,0,,True,190.0,2.0,
BailJa00,nwe,Jake Bailey,2021.0,24,NWE,P,,1.0,0.0,3,142,47.3,54.0,,29.3,53,0.0,0.0%,,66.7%,0,,True,88.0,2.0,
BradTo00,nwe,Tom Brady,2011.0,34,NWE,QB,,3.0,3.0,1,48,48.0,0.0,48.0,48.0,48,0.0,0.0%,1.0,100.0%,0,,True,,,
JoseGr00,min,Greg Joseph,2023.0,29,MIN,K,1.0,17.0,0.0,1,14,14.0,17.0,-3.0,-3.0,14,0.0,0.0%,0.0,0.0%,0,,False,,,
QuigRy00,min,Ryan Quigley,2017.0,27,MIN,P,4.0,16.0,0.0,71,2994,42.2,213.0,2781.0,39.2,56,0.0,0.0%,29.0,40.8%,0,2.0,False,,,
WrigRy00,min,Ryan Wright,2022.0,22,MIN,P,14.0,17.0,0.0,73,3457,47.4,305.0,,42.3,73,1.0,1.4%,,43.8%,1,3.0,False,3132.0,32.0,
WrigRy00,min,Ryan Wright,2023.0,23,MIN,P,14.0,17.0,0.0,59,2886,48.9,291.0,,41.6,68,7.0,11.9%,,28.8%,0,2.0,False,2455.0,17.0,
WrigRy00,min,Ryan Wright,2024.0,24,MIN,P,17.0,2.0,0.0,7,319,45.6,3.0,,42.9,56,1.0,14.3%,,57.1%,0,,False,300.0,4.0,
LockJe00,min,Jeff Locke,2013.0,24,MIN,P,12.0,16.0,0.0,75,3316,44.2,318.0,2938.0,39.2,65,3.0,4.0%,23.0,30.7%,0,2.0,False,,,
LockJe00,min,Jeff Locke,2014.0,25,MIN,P,18.0,16.0,0.0,75,3318,44.2,255.0,2943.0,38.7,62,6.0,8.0%,21.0,28.0%,1,2.0,False,,,
LockJe00,min,Jeff Locke,2015.0,26,MIN,P,18.0,16.0,0.0,66,2746,41.6,152.0,2494.0,37.8,61,5.0,7.6%,23.0,34.8%,0,1.0,False,,,
LockJe00,min,Jeff Locke,2016.0,27,MIN,P,18.0,16.0,0.0,74,3155,42.6,209.0,2886.0,39.0,72,3.0,4.1%,34.0,45.9%,0,1.0,False,,,
BerrJo00,min,Jordan Berry,2021.0,30,MIN,P,3.0,17.0,0.0,78,3624,46.5,339.0,3225.0,41.3,64,3.0,3.8%,26.0,33.3%,0,3.0,False,,,
ColqBr00,min,Britton Colquitt,2019.0,34,MIN,P,2.0,16.0,0.0,62,2802,45.2,158.0,2644.0,42.6,59,0.0,0.0%,24.0,38.7%,0,2.0,False,,,
ColqBr00,min,Britton Colquitt,2020.0,35,MIN,P,2.0,16.0,0.0,54,2435,45.1,321.0,2054.0,36.7,59,3.0,5.6%,11.0,20.4%,2,2.0,False,,,
QuigRy00,min,Ryan Quigley,2017.0,27,MIN,P,,2.0,0.0,7,272,38.9,11.0,221.0,31.6,53,0.0,0.0%,2.0,28.6%,0,,True,,,
WrigRy00,min,Ryan Wright,2022.0,22,MIN,P,,1.0,0.0,3,164,54.7,17.0,,49.0,61,0.0,0.0%,,66.7%,0,,True,147.0,2.0,
LockJe00,min,Jeff Locke,2015.0,26,MIN,P,,1.0,0.0,5,172,34.4,10.0,162.0,32.4,47,0.0,0.0%,1.0,20.0%,0,,True,,,
ColqBr00,min,Britton Colquitt,2019.0,34,MIN,P,,2.0,0.0,12,588,49.0,67.0,441.0,36.8,61,0.0,0.0%,4.0,33.3%,0,,True,,,
MaloRo00,tam,Robert Malone,2010.0,22,TAM,P,1.0,12.0,0.0,52,2160,41.5,160.0,1900.0,36.5,64,5.0,9.6%,17.0,32.7%,0,1.0,False,,,
SchuJa00,tam,Jake Schum,2015.0,26,TAM,P,5.0,16.0,0.0,56,2348,41.9,140.0,2128.0,38.0,60,4.0,7.1%,15.0,26.8%,0,1.0,False,,,
PiniBr00,tam,Bradley Pinion,2019.0,25,TAM,P,8.0,16.0,0.0,57,2464,43.2,222.0,2182.0,38.3,63,3.0,5.3%,19.0,33.3%,0,,False,,,
PiniBr00,tam,Bradley Pinion,2020.0,26,TAM,P,8.0,16.0,0.0,55,2486,45.2,236.0,2210.0,40.2,62,2.0,3.6%,19.0,34.5%,0,,False,,,
PiniBr00,tam,Bradley Pinion,2021.0,27,TAM,P,8.0,15.0,0.0,56,2378,42.5,162.0,2176.0,38.9,65,2.0,3.6%,23.0,41.1%,0,,False,,,
koenemic01,tam,Michael Koenen,2011.0,29,TAM,P,9.0,16.0,0.0,67,3023,45.1,266.0,2697.0,40.3,65,3.0,4.5%,24.0,35.8%,0,,False,,,
koenemic01,tam,Michael Koenen,2012.0,30,TAM,P,9.0,16.0,0.0,76,3440,45.3,440.0,2880.0,37.4,64,6.0,7.9%,22.0,28.9%,1,,False,,,
koenemic01,tam,Michael Koenen,2013.0,31,TAM,P,9.0,16.0,0.0,87,3846,44.2,393.0,3333.0,38.3,62,6.0,6.9%,19.0,21.8%,0,,False,,,
koenemic01,tam,Michael Koenen,2014.0,32,TAM,P,9.0,16.0,0.0,78,3154,40.4,185.0,2929.0,37.1,56,2.0,2.6%,17.0,21.8%,1,,False,,,
HofrSt00,tam,Sterling Hofrichter,2021.0,25,TAM,P,19.0,2.0,0.0,6,227,37.8,22.0,205.0,34.2,45,0.0,0.0%,3.0,50.0%,0,0.0,False,,,
AngeBr00,tam,Bryan Anger,2016.0,28,TAM,P,9.0,16.0,0.0,70,3215,45.9,128.0,,42.7,59,5.0,7.1%,,52.9%,0,2.0,False,2987.0,37.0,
AngeBr00,tam,Bryan Anger,2017.0,29,TAM,P,9.0,16.0,0.0,65,2857,44.0,153.0,,39.5,62,5.0,7.7%,,36.9%,1,1.0,False,2604.0,24.0,
AngeBr00,tam,Bryan Anger,2018.0,30,TAM,P,9.0,16.0,0.0,57,2567,45.0,231.0,,38.9,64,4.0,7.0%,,26.3%,1,2.0,False,2256.0,15.0,
CamaJa00,tam,Jake Camarda,2022.0,23,TAM,P,5.0,17.0,0.0,79,3859,48.8,386.0,3273.0,41.4,74,10.0,12.7%,22.0,27.8%,0,,False,,,
CamaJa00,tam,Jake Camarda,2023.0,24,TAM,P,5.0,17.0,0.0,77,3854,50.1,511.0,3173.0,41.2,74,9.0,11.7%,26.0,33.8%,0,,False,,,
CamaJa00,tam,Jake Camarda,2024.0,25,TAM,P,5.0,2.0,0.0,6,268,44.7,32.0,236.0,39.3,51,0.0,0.0%,2.0,33.3%,0,,False,,,
barthco01,tam,Connor Barth,2009.0,23,TAM,K,10.0,9.0,0.0,1,46,46.0,18.0,28.0,28.0,46,0.0,0.0%,0.0,0.0%,0,,False,,,
barthco01,tam,Connor Barth,2010.0,24,TAM,K,10.0,16.0,0.0,1,33,33.0,0.0,13.0,13.0,33,1.0,100.0%,0.0,0.0%,0,,False,,,
PiniBr00,tam,Bradley Pinion,2020.0,26,TAM,P,,4.0,0.0,13,540,41.5,61.0,479.0,36.8,53,0.0,0.0%,8.0,61.5%,0,,True,,,
PiniBr00,tam,Bradley Pinion,2021.0,27,TAM,P,,2.0,0.0,11,553,50.3,95.0,438.0,39.8,61,0.0,0.0%,3.0,27.3%,0,,True,,,
CamaJa00,tam,Jake Camarda,2022.0,23,TAM,P,,1.0,0.0,5,245,49.0,7.0,218.0,43.6,54,1.0,20.0%,2.0,40.0%,0,,True,,,
CamaJa00,tam,Jake Camarda,2023.0,24,TAM,P,,2.0,0.0,7,331,47.3,22.0,289.0,41.3,66,1.0,14.3%,5.0,71.4%,0,,True,,,
MaloRo00,det,Robert Malone,2011.0,23,DET,P,2.0,1.0,0.0,5,245,49.0,,,,62,,,,,0,0.0,False,,,
RedfKa00,det,Kasey Redfern,2017.0,26,DET,P,2.0,1.0,0.0,1,50,50.0,0.0,50.0,50.0,50,0.0,0.0%,0.0,0.0%,0,,False,,,
PratMa20,det,Matt Prater,2017.0,33,DET,K,5.0,16.0,0.0,4,139,34.8,0.0,139.0,34.8,47,0.0,0.0%,1.0,25.0%,0,,False,,,
LockJe00,det,Jeff Locke,2017.0,28,DET,P,18.0,5.0,0.0,27,1222,45.3,82.0,1140.0,42.2,54,0.0,0.0%,11.0,40.7%,0,1.0,False,,,
FoxxJa01,det,Jack Fox,2020.0,24,DET,P,3.0,16.0,0.0,59,2897,49.1,116.0,2641.0,44.8,67,7.0,11.9%,26.0,44.1%,0,,False,,,
FoxxJa01,det,Jack Fox,2021.0,25,DET,P,3.0,17.0,0.0,65,3198,49.2,308.0,2750.0,42.3,70,7.0,10.8%,17.0,26.2%,0,,False,,,
FoxxJa01,det,Jack Fox,2022.0,26,DET,P,3.0,17.0,0.0,52,2525,48.6,324.0,2141.0,41.2,66,3.0,5.8%,14.0,26.9%,0,,False,,,
FoxxJa01,det,Jack Fox,2023.0,27,DET,P,3.0,17.0,0.0,57,2646,46.4,197.0,2329.0,40.9,70,5.0,8.8%,26.0,45.6%,0,,False,,,
FoxxJa01,det,Jack Fox,2024.0,28,DET,P,3.0,2.0,0.0,6,297,49.5,0.0,237.0,39.5,67,2.0,33.3%,4.0,66.7%,0,,False,,,
FoxxJa01,det,Jack Fox,2023.0,27,DET,P,,3.0,0.0,10,474,47.4,0.0,454.0,45.4,74,1.0,10.0%,7.0,70.0%,0,,True,,,
bryanmat01,atl,Matt Bryant,2009.0,34,ATL,K,3.0,5.0,0.0,1,36,36.0,0.0,36.0,36.0,36,0.0,0.0%,1.0,100.0%,0,,False,,,
bryanmat01,atl,Matt Bryant,2016.0,41,ATL,K,3.0,16.0,0.0,2,67,33.5,0.0,67.0,33.5,36,0.0,0.0%,0.0,0.0%,0,,False,,,
RedfKa00,atl,Kasey Redfern,2019.0,28,ATL,P,9.0,3.0,0.0,9,371,41.2,39.0,332.0,36.9,54,0.0,0.0%,3.0,33.3%,0,,False,,,
PiniBr00,atl,Bradley Pinion,2022.0,28,ATL,P,13.0,17.0,0.0,62,2845,45.9,250.0,2555.0,41.2,73,2.0,3.2%,23.0,37.1%,0,,False,,,
PiniBr00,atl,Bradley Pinion,2023.0,29,ATL,P,13.0,17.0,0.0,75,3523,47.0,380.0,3083.0,41.1,66,3.0,4.0%,27.0,36.0%,0,,False,,,
PiniBr00,atl,Bradley Pinion,2024.0,30,ATL,P,13.0,2.0,0.0,6,299,49.8,75.0,224.0,37.3,59,0.0,0.0%,0.0,0.0%,0,,False,,,
koenemic01,atl,Michael Koenen,2005.0,23,ATL,P,9.0,16.0,0.0,78,3300,42.3,238.0,2882.0,36.9,67,9.0,11.5%,23.0,29.5%,0,,False,,,
koenemic01,atl,Michael Koenen,2006.0,24,ATL,P,9.0,16.0,0.0,76,3199,42.1,279.0,2800.0,35.9,65,6.0,7.9%,25.0,32.9%,2,,False,,,
koenemic01,atl,Michael Koenen,2007.0,25,ATL,P,9.0,16.0,0.0,88,3824,43.5,307.0,3417.0,38.8,63,5.0,5.7%,30.0,34.1%,0,,False,,,
koenemic01,atl,Michael Koenen,2008.0,26,ATL,P,9.0,16.0,0.0,63,2566,40.7,49.0,2437.0,37.5,60,4.0,6.3%,25.0,39.7%,2,,False,,,
koenemic01,atl,Michael Koenen,2009.0,27,ATL,P,9.0,16.0,0.0,61,2598,42.6,289.0,2249.0,36.3,70,3.0,4.9%,18.0,29.5%,1,,False,,,
koenemic01,atl,Michael Koenen,2010.0,28,ATL,P,9.0,16.0,0.0,74,3014,40.7,241.0,2673.0,35.6,61,5.0,6.8%,29.0,39.2%,1,,False,,,
HofrSt00,atl,Sterling Hofrichter,2020.0,24,ATL,P,4.0,16.0,0.0,56,2381,42.5,142.0,2199.0,39.3,57,2.0,3.6%,17.0,30.4%,0,1.0,False,,,
KooxYo00,atl,Younghoe Koo,2021.0,27,ATL,K,7.0,17.0,0.0,2,70,35.0,0.0,70.0,35.0,45,0.0,0.0%,1.0,50.0%,0,,False,,,
AlleRy01,atl,Ryan Allen,2019.0,29,ATL,P,9.0,8.0,0.0,28,1172,41.9,62.0,1050.0,37.5,59,3.0,10.7%,14.0,50.0%,0,1.0,False,,,
BoshMa00,atl,Matthew Bosher,2011.0,24,ATL,P,5.0,16.0,0.0,70,2990,42.7,150.0,2760.0,38.9,59,4.0,5.7%,27.0,38.6%,1,,False,,,
BoshMa00,atl,Matthew Bosher,2012.0,25,ATL,P,5.0,16.0,0.0,60,2847,47.5,241.0,2526.0,40.7,63,4.0,6.7%,22.0,36.7%,2,,False,,,
BoshMa00,atl,Matthew Bosher,2013.0,26,ATL,P,5.0,16.0,0.0,68,3166,46.6,251.0,2875.0,41.1,63,2.0,2.9%,26.0,38.2%,2,,False,,,
BoshMa00,atl,Matthew Bosher,2014.0,27,ATL,P,5.0,16.0,0.0,67,3063,45.7,250.0,2733.0,40.8,66,4.0,6.0%,27.0,40.3%,0,,False,,,
BoshMa00,atl,Matthew Bosher,2015.0,28,ATL,P,5.0,16.0,0.0,58,2735,47.2,272.0,2383.0,40.4,69,4.0,6.9%,24.0,41.4%,1,,False,,,
BoshMa00,atl,Matthew Bosher,2016.0,29,ATL,P,5.0,15.0,0.0,44,2060,46.8,209.0,1831.0,41.6,68,1.0,2.3%,21.0,47.7%,0,,False,,,
BoshMa00,atl,Matthew Bosher,2017.0,30,ATL,P,5.0,16.0,0.0,53,2379,44.9,179.0,2160.0,40.8,62,2.0,3.8%,19.0,35.8%,0,,False,,,
BoshMa00,atl,Matthew Bosher,2018.0,31,ATL,P,5.0,16.0,0.0,60,2729,45.5,184.0,2485.0,40.1,57,3.0,5.0%,22.0,36.7%,2,,False,,,
BoshMa00,atl,Matthew Bosher,2019.0,32,ATL,P,5.0,3.0,0.0,9,377,41.9,10.0,367.0,36.7,52,0.0,0.0%,2.0,22.2%,1,,False,,,
koenemic01,atl,Michael Koenen,2008.0,26,ATL,P,,1.0,0.0,5,212,42.4,-1.0,213.0,42.6,49,0.0,0.0%,0.0,0.0%,0,,True,,,
koenemic01,atl,Michael Koenen,2010.0,28,ATL,P,,1.0,0.0,3,111,37.0,0.0,111.0,37.0,57,0.0,0.0%,1.0,33.3%,0,,True,,,
BoshMa00,atl,Matthew Bosher,2016.0,29,ATL,P,,3.0,0.0,11,492,44.7,39.0,433.0,39.4,60,0.0,0.0%,7.0,63.6%,0,,True,,,
BoshMa00,atl,Matthew Bosher,2017.0,30,ATL,P,,2.0,0.0,11,461,41.9,7.0,454.0,41.3,60,0.0,0.0%,4.0,36.4%,0,,True,,,
ButlDr00,pit,Drew Butler,2012.0,23,PIT,P,9.0,16.0,0.0,77,3374,43.8,306.0,2948.0,37.8,79,6.0,7.8%,26.0,33.8%,1,1.0,False,,,
WingBr00,pit,Brad Wing,2014.0,23,PIT,P,9.0,16.0,0.0,61,2667,43.7,221.0,2367.0,38.8,74,4.0,6.6%,20.0,32.8%,0,2.0,False,,,
WingBr00,pit,Brad Wing,2023.0,32,PIT,P,3.0,2.0,0.0,11,495,45.0,27.0,428.0,38.9,52,2.0,18.2%,3.0,27.3%,0,0.0,False,,,
WaitCo00,pit,Corliss Waitman,2021.0,26,PIT,P,10.0,2.0,0.0,7,365,52.1,47.0,,42.6,63,1.0,14.3%,,14.3%,0,0.0,False,298.0,1.0,
WaitCo00,pit,Corliss Waitman,2024.0,29,PIT,P,8.0,1.0,0.0,8,424,53.0,29.0,,41.9,58,3.0,37.5%,,25.0%,0,,False,335.0,2.0,
BerrJo00,pit,Jordan Berry,2015.0,24,PIT,P,4.0,16.0,0.0,59,2511,42.6,165.0,2306.0,39.1,79,2.0,3.4%,28.0,47.5%,0,1.0,False,,,
BerrJo00,pit,Jordan Berry,2016.0,25,PIT,P,4.0,16.0,0.0,68,3100,45.6,269.0,2771.0,40.2,64,3.0,4.4%,25.0,36.8%,1,2.0,False,,,
BerrJo00,pit,Jordan Berry,2017.0,26,PIT,P,4.0,16.0,0.0,64,2763,43.2,177.0,2546.0,39.8,62,2.0,3.1%,26.0,40.6%,0,2.0,False,,,
BerrJo00,pit,Jordan Berry,2018.0,27,PIT,P,4.0,16.0,0.0,63,2753,43.7,227.0,2446.0,38.8,69,4.0,6.3%,28.0,44.4%,0,2.0,False,,,
BerrJo00,pit,Jordan Berry,2019.0,28,PIT,P,4.0,16.0,0.0,74,3368,45.5,265.0,3023.0,40.9,69,4.0,5.4%,24.0,32.4%,0,2.0,False,,,
BerrJo00,pit,Jordan Berry,2020.0,29,PIT,P,4.0,11.0,0.0,57,2609,45.8,242.0,2307.0,40.5,62,3.0,5.3%,23.0,40.4%,0,2.0,False,,,
BoswCh00,pit,Chris Boswell,2024.0,33,PIT,K,9.0,2.0,0.0,1,43,43.0,0.0,43.0,43.0,43,0.0,0.0%,0.0,0.0%,0,,False,,,
HarvPr00,pit,Pressley Harvin III,2021.0,23,PIT,P,6.0,15.0,0.0,70,2982,42.6,261.0,2661.0,38.0,64,3.0,4.3%,25.0,35.7%,0,1.0,False,,,
HarvPr00,pit,Pressley Harvin III,2022.0,24,PIT,P,6.0,17.0,0.0,69,3072,44.5,137.0,2835.0,41.1,69,5.0,7.2%,20.0,29.0%,0,2.0,False,,,
HarvPr00,pit,Pressley Harvin III,2023.0,25,PIT,P,6.0,15.0,0.0,78,3419,43.8,249.0,3050.0,39.1,63,6.0,7.7%,30.0,38.5%,0,1.0,False,,,
WingBr00,pit,Brad Wing,2014.0,23,PIT,P,,1.0,,3,115,38.3,0.0,115.0,38.3,48,0.0,0.0%,2.0,66.7%,0,,True,,,
BerrJo00,pit,Jordan Berry,2015.0,24,PIT,P,,2.0,0.0,13,531,40.8,76.0,435.0,33.5,52,0.0,0.0%,4.0,30.8%,0,,True,,,
BerrJo00,pit,Jordan Berry,2016.0,25,PIT,P,,3.0,0.0,7,268,38.3,9.0,239.0,34.1,47,0.0,0.0%,2.0,28.6%,0,,True,,,
BerrJo00,pit,Jordan Berry,2017.0,26,PIT,P,,1.0,0.0,2,79,39.5,0.0,59.0,29.5,40,0.0,0.0%,0.0,0.0%,0,,True,,,
BerrJo00,pit,Jordan Berry,2020.0,29,PIT,P,,1.0,0.0,3,125,41.7,8.0,97.0,32.3,59,0.0,0.0%,1.0,33.3%,0,,True,,,
HarvPr00,pit,Pressley Harvin III,2021.0,23,PIT,P,,1.0,0.0,7,348,49.7,62.0,286.0,40.9,56,0.0,0.0%,1.0,14.3%,0,,True,,,
HarvPr00,pit,Pressley Harvin III,2023.0,25,PIT,P,,1.0,0.0,4,154,38.5,0.0,154.0,38.5,51,0.0,0.0%,0.0,0.0%,0,,True,,,
TownJo01,rai,Johnny Townsend,2018.0,23,OAK,P,5.0,16.0,0.0,70,3022,43.2,241.0,2681.0,38.3,64,5.0,7.1%,17.0,24.3%,0,2.0,False,,,
janikseb01,rai,Sebastian Janikowski,2010.0,32,OAK,K,11.0,16.0,0.0,1,33,33.0,0.0,33.0,33.0,33,0.0,0.0%,0.0,0.0%,0,,False,,,
LechSh20,rai,Shane Lechler,2000.0,24,OAK,P,9.0,16.0,0.0,65,2984,45.9,279.0,2505.0,38.0,69,10.0,15.4%,24.0,36.9%,1,3.0,False,,,AP1
LechSh20,rai,Shane Lechler,2001.0,25,OAK,P,9.0,16.0,0.0,73,3375,46.2,502.0,2633.0,35.6,65,12.0,16.4%,23.0,31.5%,1,4.0,False,,,"AP2, PB"
LechSh20,rai,Shane Lechler,2002.0,26,OAK,P,9.0,14.0,0.0,53,2251,42.5,276.0,1735.0,32.7,70,12.0,22.6%,18.0,34.0%,0,2.0,False,,,
LechSh20,rai,Shane Lechler,2003.0,27,OAK,P,9.0,16.0,0.0,96,4503,46.9,669.0,3574.0,37.2,73,13.0,13.5%,27.0,28.1%,0,5.0,False,,,AP1
LechSh20,rai,Shane Lechler,2004.0,28,OAK,P,9.0,16.0,0.0,73,3409,46.7,413.0,2716.0,37.2,67,14.0,19.2%,22.0,30.1%,0,4.0,False,,,"AP1, PB"
LechSh20,rai,Shane Lechler,2005.0,29,OAK,P,9.0,16.0,0.0,82,3744,45.7,460.0,3104.0,37.9,64,9.0,11.0%,26.0,31.7%,0,4.0,False,,,
LechSh20,rai,Shane Lechler,2006.0,30,OAK,P,9.0,16.0,0.0,77,3660,47.5,437.0,2843.0,36.4,67,19.0,24.7%,19.0,24.7%,1,4.0,False,,,
LechSh20,rai,Shane Lechler,2007.0,31,OAK,P,9.0,16.0,0.0,73,3585,49.1,445.0,3000.0,41.1,70,7.0,9.6%,25.0,34.2%,0,4.0,False,,,"AP2, PB"
LechSh20,rai,Shane Lechler,2008.0,32,OAK,P,9.0,16.0,0.0,90,4391,48.8,425.0,3706.0,41.2,70,13.0,14.4%,33.0,36.7%,0,5.0,False,,,"AP1, PB"
LechSh20,rai,Shane Lechler,2009.0,33,OAK,P,9.0,16.0,0.0,96,4909,51.1,459.0,4210.0,43.9,70,12.0,12.5%,30.0,31.3%,0,6.0,False,,,"AP1, PB"
LechSh20,rai,Shane Lechler,2010.0,34,OAK,P,9.0,16.0,0.0,77,3618,47.0,400.0,3138.0,40.8,68,4.0,5.2%,27.0,35.1%,0,4.0,False,,,"AP1, PB"
LechSh20,rai,Shane Lechler,2011.0,35,OAK,P,9.0,16.0,0.0,78,3960,50.8,593.0,3187.0,40.9,80,9.0,11.5%,27.0,34.6%,0,5.0,False,,,"AP2, PB"
LechSh20,rai,Shane Lechler,2012.0,36,OAK,P,9.0,16.0,0.0,81,3826,47.2,450.0,3196.0,39.0,68,9.0,11.1%,21.0,25.9%,1,3.0,False,,,
ColeAJ01,rai,AJ Cole III,2019.0,24,OAK,P,6.0,16.0,0.0,67,3081,46.0,318.0,,39.4,74,6.0,9.0%,,49.3%,0,2.0,False,2643.0,33.0,
LechSh20,rai,Shane Lechler,2000.0,24,OAK,P,,2.0,0.0,12,549,45.8,134.0,415.0,34.6,64,0.0,0.0%,5.0,41.7%,0,,True,,,
LechSh20,rai,Shane Lechler,2001.0,25,OAK,P,,2.0,0.0,11,441,40.1,49.0,312.0,28.4,51,4.0,36.4%,3.0,27.3%,0,,True,,,
LechSh20,rai,Shane Lechler,2002.0,26,OAK,P,,3.0,0.0,11,423,38.5,36.0,387.0,35.2,53,0.0,0.0%,5.0,45.5%,0,,True,,,
TownJo01,,Johnny Townsend,2021.0,26,2TM,P,,4.0,0.0,13,556,42.8,58.0,478.0,36.8,63,1.0,7.7%,2.0,15.4%,0,0.0,False,,,
PoweSh00,,Shawn Powell,2013.0,25,2TM,P,,7.0,0.0,42,1881,44.8,305.0,1476.0,35.1,66,5.0,11.9%,13.0,31.0%,0,1.0,False,,,
MeskZo99,,Zoltan Mesko,2013.0,27,2TM,P,,7.0,0.0,34,1445,42.5,156.0,1249.0,35.7,65,2.0,5.9%,3.0,8.8%,1,0.0,False,,,
MoorBr24,,Brian Moorman,2012.0,36,2TM,P,,15.0,0.0,71,3179,44.8,429.0,2670.0,37.6,66,4.0,5.6%,24.0,33.8%,0,2.0,False,,,
MorsTh00,,Thomas Morstead,2021.0,35,2TM,P,,14.0,0.0,45,2123,47.2,191.0,,42.0,64,2.0,4.4%,,40.0%,0,2.0,False,1892.0,18.0,
KernBr20,,Brett Kern,2009.0,23,2TM,P,,16.0,0.0,64,2910,45.5,249.0,2461.0,38.5,67,10.0,15.6%,27.0,42.2%,0,2.0,False,,,
HockZa00,,Zach Hocker,2015.0,24,2TM,K,,8.0,0.0,1,43,43.0,0.0,43.0,43.0,43,0.0,0.0%,1.0,100.0%,0,,False,,,
AlleRy01,,Ryan Allen,2020.0,30,2TM,P,,3.0,0.0,14,680,48.6,100.0,540.0,38.6,65,2.0,14.3%,2.0,14.3%,0,1.0,False,,,
CharJo01,,Joseph Charlton,2021.0,24,2TM,P,,6.0,0.0,24,973,40.5,40.0,913.0,38.0,57,1.0,4.2%,8.0,33.3%,0,0.0,False,,,
ColqDu20,,Dustin Colquitt,2020.0,38,2TM,P,,6.0,0.0,26,1133,43.6,103.0,990.0,38.1,59,2.0,7.7%,8.0,30.8%,0,1.0,False,,,
ColqDu20,,Dustin Colquitt,2021.0,39,2TM,P,,11.0,0.0,48,2134,44.5,197.0,1877.0,38.3,66,3.0,6.3%,13.0,27.1%,1,1.0,False,,,
PiniBr00,sfo,Bradley Pinion,2015.0,21,SFO,P,5.0,16.0,0.0,91,3969,43.6,282.0,3587.0,39.4,62,5.0,5.5%,31.0,34.1%,0,,False,,,
PiniBr00,sfo,Bradley Pinion,2016.0,22,SFO,P,5.0,16.0,0.0,100,4402,44.0,345.0,3977.0,39.8,65,4.0,4.0%,28.0,28.0%,0,,False,,,
PiniBr00,sfo,Bradley Pinion,2017.0,23,SFO,P,5.0,16.0,0.0,75,3255,43.4,138.0,3097.0,41.3,59,1.0,1.3%,31.0,41.3%,0,,False,,,
PiniBr00,sfo,Bradley Pinion,2018.0,24,SFO,P,5.0,16.0,0.0,68,2973,43.7,195.0,2698.0,39.1,64,4.0,5.9%,22.0,32.4%,1,,False,,,
WishMi00,sfo,Mitch Wishnowsky,2019.0,27,SFO,P,6.0,16.0,0.0,52,2333,44.9,131.0,,41.6,65,2.0,3.8%,,44.2%,0,2.0,False,2162.0,23.0,
WishMi00,sfo,Mitch Wishnowsky,2020.0,28,SFO,P,6.0,16.0,0.0,66,3093,46.9,183.0,,41.6,60,6.0,9.1%,,37.9%,1,3.0,False,2790.0,25.0,
WishMi00,sfo,Mitch Wishnowsky,2021.0,29,SFO,P,18.0,17.0,0.0,57,2566,45.0,156.0,,40.5,67,5.0,8.8%,,36.8%,0,1.0,False,2310.0,21.0,
WishMi00,sfo,Mitch Wishnowsky,2022.0,30,SFO,P,18.0,17.0,0.0,61,2676,43.9,192.0,,39.1,74,5.0,8.2%,,52.5%,0,1.0,False,2384.0,32.0,
WishMi00,sfo,Mitch Wishnowsky,2023.0,31,SFO,P,18.0,17.0,0.0,52,2480,47.7,220.0,,42.7,67,2.0,3.8%,,50.0%,0,2.0,False,2220.0,26.0,
WishMi00,sfo,Mitch Wishnowsky,2024.0,32,SFO,P,3.0,2.0,0.0,3,157,52.3,14.0,,35.8,58,0.0,0.0%,,66.7%,1,,False,143.0,2.0,
gouldrob01,sfo,Robbie Gould,2021.0,39,SFO,K,9.0,13.0,0.0,2,90,45.0,0.0,90.0,45.0,47,0.0,0.0%,1.0,50.0%,0,,False,,,
LeexAn20,sfo,Andy Lee,2004.0,22,SFO,P,4.0,16.0,0.0,96,3990,41.6,445.0,3385.0,35.3,81,8.0,8.3%,25.0,26.0%,0,2.0,False,,,
LeexAn20,sfo,Andy Lee,2005.0,23,SFO,P,4.0,16.0,0.0,107,4447,41.6,471.0,3916.0,36.3,58,3.0,2.8%,15.0,14.0%,1,1.0,False,,,
LeexAn20,sfo,Andy Lee,2006.0,24,SFO,P,4.0,16.0,0.0,81,3625,44.8,462.0,2983.0,36.8,66,9.0,11.1%,22.0,27.2%,0,3.0,False,,,
LeexAn20,sfo,Andy Lee,2007.0,25,SFO,P,4.0,16.0,0.0,105,4968,47.3,402.0,4306.0,41.0,74,13.0,12.4%,42.0,40.0%,0,4.0,False,,,"AP1, PB"
LeexAn20,sfo,Andy Lee,2008.0,26,SFO,P,4.0,16.0,0.0,66,3155,47.8,364.0,2611.0,39.0,82,9.0,13.6%,13.0,19.7%,1,3.0,False,,,
LeexAn20,sfo,Andy Lee,2009.0,27,SFO,P,4.0,16.0,0.0,99,4711,47.6,495.0,4056.0,41.0,64,8.0,8.1%,30.0,30.3%,0,4.0,False,,,"AP2, PB"
LeexAn20,sfo,Andy Lee,2010.0,28,SFO,P,4.0,16.0,0.0,91,4203,46.2,483.0,3480.0,38.2,64,12.0,13.2%,34.0,37.4%,0,3.0,False,,,
LeexAn20,sfo,Andy Lee,2011.0,29,SFO,P,4.0,16.0,0.0,78,3970,50.9,315.0,3475.0,44.0,68,9.0,11.5%,28.0,35.9%,1,4.0,False,,,"AP1, PB"
LeexAn20,sfo,Andy Lee,2012.0,30,SFO,P,4.0,16.0,0.0,67,3226,48.1,249.0,2897.0,43.2,66,4.0,6.0%,36.0,53.7%,0,3.0,False,,,AP1
LeexAn20,sfo,Andy Lee,2013.0,31,SFO,P,4.0,16.0,0.0,79,3804,48.2,330.0,3294.0,41.7,62,9.0,11.4%,27.0,34.2%,0,3.0,False,,,
LeexAn20,sfo,Andy Lee,2014.0,32,SFO,P,4.0,16.0,0.0,72,3369,46.8,336.0,2893.0,39.6,71,7.0,9.7%,28.0,38.9%,1,3.0,False,,,
dawsophi01,sfo,Phil Dawson,2015.0,40,SFO,K,9.0,16.0,0.0,1,48,48.0,1.0,47.0,47.0,48,0.0,0.0%,0.0,0.0%,0,,False,,,
WishMi00,sfo,Mitch Wishnowsky,2019.0,27,SFO,P,,3.0,0.0,8,349,43.6,0.0,,41.1,56,0.0,0.0%,,50.0%,0,,True,329.0,4.0,
WishMi00,sfo,Mitch Wishnowsky,2021.0,29,SFO,P,,3.0,0.0,14,601,42.9,16.0,,40.4,52,0.0,0.0%,,42.9%,0,,True,565.0,6.0,
WishMi00,sfo,Mitch Wishnowsky,2022.0,30,SFO,P,,3.0,0.0,9,389,43.2,0.0,,41.0,57,1.0,11.1%,,66.7%,0,,True,369.0,6.0,
WishMi00,sfo,Mitch Wishnowsky,2023.0,31,SFO,P,,3.0,0.0,10,489,48.9,38.0,,45.1,57,0.0,0.0%,,50.0%,0,,True,451.0,5.0,
LeexAn20,sfo,Andy Lee,2011.0,29,SFO,P,,2.0,0.0,18,851,47.3,84.0,747.0,41.5,63,1.0,5.6%,7.0,38.9%,0,,True,,,
LeexAn20,sfo,Andy Lee,2012.0,30,SFO,P,,3.0,0.0,9,443,49.2,34.0,369.0,41.0,62,2.0,22.2%,3.0,33.3%,0,,True,,,
LeexAn20,sfo,Andy Lee,2013.0,31,SFO,P,,3.0,0.0,9,373,41.4,37.0,316.0,35.1,52,1.0,11.1%,2.0,22.2%,0,,True,,,
PoweSh00,buf,Shawn Powell,2012.0,24,BUF,P,6.0,13.0,0.0,65,2860,44.0,345.0,2475.0,38.1,62,2.0,3.1%,23.0,35.4%,0,1.0,False,,,
linderia01,buf,Rian Lindell,2004.0,27,BUF,K,9.0,16.0,0.0,1,37,37.0,0.0,17.0,17.0,37,1.0,100.0%,0.0,0.0%,0,,False,,,
MoorBr24,buf,Brian Moorman,2001.0,25,BUF,P,8.0,16.0,0.0,80,3262,40.8,418.0,2704.0,33.8,66,7.0,8.8%,16.0,20.0%,0,2.0,False,,,
MoorBr24,buf,Brian Moorman,2002.0,26,BUF,P,8.0,16.0,0.0,66,2844,43.1,294.0,2410.0,36.0,84,7.0,10.6%,18.0,27.3%,1,3.0,False,,,
MoorBr24,buf,Brian Moorman,2003.0,27,BUF,P,8.0,16.0,0.0,85,3788,44.6,577.0,3151.0,37.1,71,3.0,3.5%,20.0,23.5%,0,4.0,False,,,
MoorBr24,buf,Brian Moorman,2004.0,28,BUF,P,8.0,16.0,0.0,77,3325,43.2,315.0,2830.0,36.8,80,9.0,11.7%,17.0,22.1%,0,3.0,False,,,
MoorBr24,buf,Brian Moorman,2005.0,29,BUF,P,8.0,16.0,0.0,71,3242,45.7,285.0,2777.0,39.1,68,9.0,12.7%,22.0,31.0%,0,3.0,False,,,"AP1, PB"
MoorBr24,buf,Brian Moorman,2006.0,30,BUF,P,8.0,16.0,0.0,92,4012,43.6,265.0,3607.0,39.2,66,7.0,7.6%,33.0,35.9%,0,2.0,False,,,"AP1, PB"
MoorBr24,buf,Brian Moorman,2007.0,31,BUF,P,8.0,16.0,0.0,81,3302,40.8,196.0,3046.0,37.6,75,3.0,3.7%,30.0,37.0%,0,1.0,False,,,
MoorBr24,buf,Brian Moorman,2008.0,32,BUF,P,8.0,16.0,0.0,58,2557,44.1,187.0,2270.0,39.1,63,5.0,8.6%,23.0,39.7%,0,2.0,False,,,
MoorBr24,buf,Brian Moorman,2009.0,33,BUF,P,8.0,16.0,0.0,90,4192,46.6,377.0,3615.0,40.2,73,10.0,11.1%,25.0,27.8%,0,3.0,False,,,
MoorBr24,buf,Brian Moorman,2010.0,34,BUF,P,8.0,16.0,0.0,75,3181,42.4,299.0,2742.0,36.6,61,7.0,9.3%,17.0,22.7%,0,2.0,False,,,
MoorBr24,buf,Brian Moorman,2011.0,35,BUF,P,8.0,16.0,0.0,72,3472,48.2,494.0,2778.0,38.1,66,10.0,13.9%,20.0,27.8%,1,3.0,False,,,
MoorBr24,buf,Brian Moorman,2013.0,37,BUF,P,8.0,11.0,0.0,61,2511,41.2,197.0,2234.0,36.6,62,4.0,6.6%,16.0,26.2%,0,0.0,False,,,
DarrMa00,buf,Matt Darr,2018.0,26,BUF,P,8.0,5.0,0.0,20,809,40.5,64.0,725.0,36.3,55,1.0,5.0%,5.0,25.0%,0,0.0,False,,,
BojoCo00,buf,Corey Bojorquez,2018.0,22,BUF,P,9.0,8.0,0.0,45,2028,45.1,137.0,,39.4,60,4.0,8.9%,,48.9%,1,1.0,False,1811.0,22.0,
BojoCo00,buf,Corey Bojorquez,2019.0,23,BUF,P,9.0,16.0,0.0,79,3313,41.9,157.0,,37.7,67,7.0,8.9%,,43.0%,1,1.0,False,3016.0,34.0,
BojoCo00,buf,Corey Bojorquez,2020.0,24,BUF,P,9.0,16.0,0.0,41,2082,50.8,138.0,,44.0,72,7.0,17.1%,,43.9%,0,3.0,False,1804.0,18.0,
HaacMa00,buf,Matt Haack,2021.0,27,BUF,P,3.0,17.0,0.0,52,2230,42.9,96.0,1994.0,37.6,63,7.0,13.5%,18.0,34.6%,1,1.0,False,,,
BojoCo00,buf,Corey Bojorquez,2019.0,23,BUF,P,,1.0,0.0,4,179,44.8,11.0,,37.0,56,0.0,0.0%,,25.0%,0,,True,148.0,1.0,
BojoCo00,buf,Corey Bojorquez,2020.0,24,BUF,P,,3.0,0.0,11,483,43.9,14.0,,40.8,58,0.0,0.0%,,27.3%,0,,True,449.0,3.0,
HaacMa00,buf,Matt Haack,2021.0,27,BUF,P,,2.0,0.0,4,175,43.8,60.0,115.0,28.8,50,0.0,0.0%,2.0,50.0%,0,,True,,,
KernBr20,oti,Brett Kern,2010.0,24,TEN,P,6.0,16.0,0.0,77,3302,42.9,214.0,3008.0,39.1,68,4.0,5.2%,24.0,31.2%,0,2.0,False,,,
KernBr20,oti,Brett Kern,2011.0,25,TEN,P,6.0,16.0,0.0,86,3747,43.6,221.0,3386.0,39.4,64,7.0,8.1%,31.0,36.0%,0,2.0,False,,,
KernBr20,oti,Brett Kern,2012.0,26,TEN,P,6.0,16.0,0.0,81,3855,47.6,405.0,3350.0,40.4,71,5.0,6.2%,30.0,37.0%,2,3.0,False,,,
KernBr20,oti,Brett Kern,2013.0,27,TEN,P,6.0,16.0,0.0,78,3386,43.4,210.0,3136.0,39.7,63,2.0,2.6%,32.0,41.0%,1,1.0,False,,,
KernBr20,oti,Brett Kern,2014.0,28,TEN,P,6.0,16.0,0.0,88,4118,46.8,350.0,3628.0,40.8,79,7.0,8.0%,28.0,31.8%,1,3.0,False,,,
KernBr20,oti,Brett Kern,2015.0,29,TEN,P,6.0,16.0,0.0,88,4175,47.4,605.0,3550.0,40.3,61,1.0,1.1%,34.0,38.6%,0,3.0,False,,,
KernBr20,oti,Brett Kern,2016.0,30,TEN,P,6.0,16.0,0.0,77,3402,44.2,347.0,2975.0,38.6,71,4.0,5.2%,32.0,41.6%,0,2.0,False,,,
KernBr20,oti,Brett Kern,2017.0,31,TEN,P,6.0,16.0,0.0,75,3728,49.7,286.0,3342.0,44.6,74,5.0,6.7%,28.0,37.3%,0,4.0,False,,,"AP2, PB"
KernBr20,oti,Brett Kern,2018.0,32,TEN,P,6.0,16.0,0.0,74,3483,47.1,296.0,3127.0,41.7,62,3.0,4.1%,39.0,52.7%,1,3.0,False,,,PB
KernBr20,oti,Brett Kern,2019.0,33,TEN,P,6.0,16.0,0.0,78,3672,47.1,269.0,3363.0,43.1,70,2.0,2.6%,37.0,47.4%,0,3.0,False,,,"AP1, PB"
KernBr20,oti,Brett Kern,2020.0,34,TEN,P,6.0,13.0,0.0,37,1695,45.8,100.0,1535.0,41.5,66,3.0,8.1%,22.0,59.5%,0,2.0,False,,,
KernBr20,oti,Brett Kern,2021.0,35,TEN,P,6.0,14.0,0.0,47,2105,44.8,185.0,1900.0,40.4,59,1.0,2.1%,18.0,38.3%,0,1.0,False,,,
DaniTr00,oti,Trevor Daniel,2020.0,26,TEN,P,12.0,2.0,0.0,4,157,39.3,7.0,150.0,30.0,52,0.0,0.0%,0.0,0.0%,1,0.0,False,,,
bironrob01,oti,Rob Bironas,2009.0,31,TEN,K,2.0,16.0,0.0,1,40,40.0,0.0,40.0,40.0,40,0.0,0.0%,0.0,0.0%,0,,False,,,
FolkNi20,oti,Nick Folk,2023.0,39,TEN,K,6.0,17.0,0.0,2,81,40.5,3.0,78.0,39.0,41,0.0,0.0%,0.0,0.0%,0,,False,,,
KernBr20,oti,Brett Kern,2017.0,31,TEN,P,,2.0,0.0,10,447,44.7,35.0,412.0,41.2,62,0.0,0.0%,3.0,30.0%,0,,True,,,
KernBr20,oti,Brett Kern,2019.0,33,TEN,P,,3.0,0.0,15,729,48.6,7.0,367.0,24.5,63,0.0,0.0%,2.0,13.3%,0,,True,,,
KernBr20,oti,Brett Kern,2020.0,34,TEN,P,,1.0,0.0,5,228,45.6,0.0,228.0,45.6,53,0.0,0.0%,4.0,80.0%,0,,True,,,
KernBr20,oti,Brett Kern,2021.0,35,TEN,P,,1.0,0.0,4,166,41.5,0.0,166.0,41.5,50,0.0,0.0%,3.0,75.0%,0,,True,,,
HaacMa00,clt,Matt Haack,2022.0,28,IND,P,6.0,17.0,0.0,70,3133,44.8,258.0,2811.0,39.6,70,3.0,4.3%,28.0,40.0%,1,2.0,False,,,
ColeAJ01,rai,AJ Cole III,2020.0,25,LVR,P,6.0,16.0,0.0,44,1939,44.1,133.0,,40.1,63,2.0,4.5%,,45.5%,0,1.0,False,1766.0,20.0,
ColeAJ01,rai,AJ Cole III,2021.0,26,LVR,P,6.0,17.0,0.0,64,3202,50.0,341.0,,42.5,71,7.0,10.9%,,43.8%,0,4.0,False,2721.0,28.0,"AP1, PB"
ColeAJ01,rai,AJ Cole III,2022.0,27,LVR,P,6.0,17.0,0.0,59,2884,48.9,281.0,,43.8,67,1.0,1.7%,,44.1%,0,3.0,False,2583.0,26.0,PB
ColeAJ01,rai,AJ Cole III,2023.0,28,LVR,P,6.0,17.0,0.0,75,3783,50.4,385.0,,43.7,83,6.0,8.0%,,45.3%,0,3.0,False,3278.0,34.0,"AP1, PB"
ColeAJ01,rai,AJ Cole III,2024.0,29,LVR,P,6.0,2.0,0.0,8,393,49.1,24.0,,43.6,62,1.0,12.5%,,37.5%,0,,False,349.0,3.0,
ColeAJ01,rai,AJ Cole III,2021.0,26,LVR,P,,1.0,0.0,2,99,49.5,26.0,,36.5,58,0.0,0.0%,,0.0%,0,,True,73.0,0.0,
DixoRi00,ram,Riley Dixon,2022.0,29,LAR,P,11.0,17.0,0.0,71,3434,48.4,390.0,,40.6,67,4.0,5.6%,,26.8%,2,3.0,False,2964.0,19.0,
EvanEt00,ram,Ethan Evans,2023.0,22,LAR,P,42.0,17.0,0.0,63,3101,49.2,503.0,2458.0,38.4,72,7.0,11.1%,20.0,31.7%,1,,False,,,
EvanEt00,ram,Ethan Evans,2024.0,23,LAR,P,42.0,2.0,0.0,7,356,50.9,48.0,308.0,44.0,63,0.0,0.0%,2.0,28.6%,0,,False,,,
HekkJo00,ram,Johnny Hekker,2016.0,26,LAR,P,6.0,16.0,0.0,98,4680,47.8,152.0,,46.0,78,1.0,1.0%,,52.0%,0,3.0,False,4508.0,51.0,"AP1, PB"
HekkJo00,ram,Johnny Hekker,2017.0,27,LAR,P,6.0,16.0,0.0,65,3113,47.9,152.0,,44.3,70,4.0,6.2%,,46.2%,0,3.0,False,2881.0,30.0,"AP1, PB"
HekkJo00,ram,Johnny Hekker,2018.0,28,LAR,P,6.0,16.0,0.0,43,1992,46.3,104.0,,43.0,68,2.0,4.7%,,48.8%,0,3.0,False,1848.0,21.0,AP2
HekkJo00,ram,Johnny Hekker,2019.0,29,LAR,P,6.0,16.0,0.0,66,3128,47.4,190.0,,42.4,71,5.0,7.6%,,33.3%,1,3.0,False,2838.0,22.0,
HekkJo00,ram,Johnny Hekker,2020.0,30,LAR,P,6.0,16.0,0.0,68,3099,45.6,297.0,,39.2,63,5.0,7.4%,,41.2%,1,3.0,False,2702.0,28.0,
HekkJo00,ram,Johnny Hekker,2021.0,31,LAR,P,6.0,17.0,0.0,51,2252,44.2,60.0,,42.6,59,1.0,2.0%,,45.1%,0,1.0,False,2172.0,23.0,
EvanEt00,ram,Ethan Evans,2023.0,22,LAR,P,,1.0,0.0,2,93,46.5,4.0,69.0,34.5,62,1.0,50.0%,1.0,50.0%,0,,True,,,
HekkJo00,ram,Johnny Hekker,2017.0,27,LAR,P,,1.0,0.0,5,218,43.6,4.0,,42.8,66,0.0,0.0%,,100.0%,0,,True,214.0,5.0,
HekkJo00,ram,Johnny Hekker,2018.0,28,LAR,P,,3.0,0.0,14,629,44.9,2.0,,44.8,65,0.0,0.0%,,42.9%,0,,True,627.0,6.0,
HekkJo00,ram,Johnny Hekker,2020.0,30,LAR,P,,2.0,0.0,11,519,47.2,43.0,,43.3,64,0.0,0.0%,,0.0%,0,,True,476.0,0.0,
HekkJo00,ram,Johnny Hekker,2021.0,31,LAR,P,,4.0,0.0,16,712,44.5,44.0,,39.3,58,0.0,0.0%,,56.3%,0,,True,628.0,9.0,
